v0_mean,tau,A,R_safety,density,flow_ratio,uncertainty_score
0.8007881773474231,0.7677416561816788,36.71371574991437,0.9232749963713406,0.9990617888818701,0.09774195724679682,3.39579576253891
1.5905536626659569,0.7422073457121242,39.37948544330622,0.8114246960136122,0.862331657528324,0.00036913485687924754,2.9265837967395782
0.8272668003562229,0.39479014545913593,39.06396955269682,1.5436931272434031,0.999140059238259,0.06028843996462285,2.814018428325653
0.837705297783436,0.79851485460369,34.99574338184916,1.176979554843098,0.973614194050202,0.05516577223870104,2.7408183217048645
0.8118247001964252,0.7697076090343777,33.53084968996874,0.8176696247790209,0.9281509530411264,0.44838320104689683,2.645021826028824
0.8052610674795914,0.782543084543436,36.15420532022131,0.9290474186051116,0.93873616185945,0.18239805826027844,2.6383646726608276
1.5828233483612468,0.7582165401830796,30.185945799188005,1.5952255093713417,0.9882599498818592,0.21933975400422123,2.620521128177643
1.5887235101308503,0.35784539829235834,39.5421179399728,0.9934249169395563,0.14002757269181937,0.44737277720450636,2.6077080368995667
1.018254080692897,0.3139848739005192,38.800181697389036,1.5640677613062879,0.8163267853834603,0.49417746447065247,2.5942832231521606
1.5921484655466234,0.38109959167691737,10.526965882669517,0.8530096934886016,0.9915306251157429,0.10058310773699426,2.526726007461548
0.8138574552613856,0.7938323059787262,39.93631450322826,1.1371755323651342,0.7359895194913196,0.0425201841313171,2.4253842532634735
0.8147535367167092,0.7435700906617957,31.854748752800575,1.5727911342151972,0.9586654169770021,0.39519254628486267,2.4034513533115387
0.865855980183334,0.7914039705889873,27.740907425864783,1.599245543715452,0.9789667786711846,0.2068778807210278,2.4026166200637817
0.8251752885673307,0.6088443527895715,38.61602550013699,1.4296945667890368,0.9766042896821879,0.4986106951779666,2.3816474974155426
0.8648049980641024,0.7426562007950588,11.460732958728222,1.5895247861447552,0.9629861290548059,0.47071612653206485,2.3748550415039062
1.5409620313166805,0.7990691178921971,28.526854862475357,1.4711953234079342,0.9992429569637121,0.4193817199086352,2.3619957864284515
0.8493759103896483,0.781172237343134,15.119991823369297,1.5542025795187113,0.9945878007620103,0.3608283655979295,2.357243448495865
0.8060288572721194,0.33762072452009834,10.704836174305685,0.851815270466801,0.790747408099055,0.013775711227324803,2.314258486032486
1.594775361347796,0.30425345765960626,24.54804618021226,0.8575478059108697,0.11225617941046119,0.3886289924174233,2.308188110589981
1.5874625284291266,0.3381134685611114,39.35231369461244,0.8925825481158312,0.6923791106110332,0.48066419480046735,2.26947158575058
0.8062465254161828,0.3369181323533251,39.75487072659284,1.430877648175084,0.3261381516912725,0.432894063039606,2.2684267163276672
1.56489638705181,0.30263627811417465,13.473045134839829,1.595991842288964,0.8813721620414335,0.0302447976633039,2.2680447101593018
1.5977602456172642,0.3807300606459705,30.905369172028852,0.8395797855530546,0.9761012156494941,0.00952696366950678,2.258303016424179
1.595067958084758,0.32664742302153804,13.645539865292196,1.010286144750113,0.13685454037328093,0.4909327335346922,2.2424823343753815
1.5972233230593722,0.7608055735264425,37.077635197193004,1.1819809110344033,0.10396454173125258,0.041950774373524596,2.228213906288147
0.8046816616365682,0.739158755852334,12.349993353241404,0.8662772606515142,0.9466198046287577,0.21351463349037267,2.205820471048355
0.8529835377168985,0.7768366625898688,10.342247497387032,1.0863085001380468,0.9796148172566966,0.08108076771583149,2.1979344487190247
0.8698594843770362,0.7946576260247431,33.38362088340962,1.1280281134575811,0.973880116769206,0.045356791726472626,2.1924641132354736
0.8127948894943471,0.3084241386210581,22.13092175666246,1.571858838391615,0.22344578362290202,0.011153968932412571,2.177972435951233
1.558817594525576,0.7746443363882972,39.58451539480409,1.0290418290696495,0.998274156996808,0.16787624271420026,2.1646116971969604
1.5940704426662342,0.4197950892751094,36.17889212691696,1.3836701660177229,0.949663254561421,0.015352005931867668,2.150649756193161
1.5914594302066414,0.7749569594900054,39.708508569340836,1.0895401374956735,0.4744513992750665,0.11647358020192673,2.141183614730835
1.583753903090725,0.768257856875952,39.32305259800242,1.3467194666062678,0.6587161674956136,0.14207933308325682,2.1342159807682037
0.8893675880930504,0.7649539333081076,36.71741515228479,1.1604516649030636,0.9856083670761269,0.4789569162814242,2.132750540971756
1.5481927152764763,0.43741939416548214,39.080090641423624,1.4995710280310242,0.11148410255873317,0.38004430230747593,2.13183856010437
1.5948832227111667,0.5229452953126217,10.98181027671225,0.8013644499478042,0.9237421215922125,0.03957261726530467,2.1286107003688812
1.5928385489316683,0.7441399994160165,10.189175466716408,1.00242381295584,0.9369689131427721,0.12122818814198635,2.125117391347885
1.4054125072213552,0.7896754100329555,13.064487779299704,1.125011590015831,0.9838185781210368,0.02082035872487682,2.1231987327337265
1.5659627449507205,0.7231709843794665,10.515556593469114,1.306991607185361,0.9250968244411829,0.02466488055595428,2.118417888879776
0.9649750157521408,0.7870268339320465,39.758981420974926,0.8396378854991321,0.8074119517217565,0.0064840996173449,2.1096516847610474
0.8203958332520825,0.6641123074886386,39.600069501001165,0.8078918805921408,0.8988827985745044,0.20948362019530983,2.088005006313324
1.1148393833167995,0.6620988410071926,38.98833679953373,1.48043242767926,0.9792276208237954,0.4838955243118835,2.085305839776993
0.8501730433545786,0.3135384697021616,38.72498926007359,1.2449468069685485,0.9661512274056228,0.005339849589755627,2.0758270025253296
1.3785636553762135,0.7524464529860542,39.96363538550242,1.5651661712296365,0.9254483296247168,0.06823629189183542,2.069669932126999
0.9822779576455134,0.7894271950160898,33.96106989617908,1.1320647547791542,0.9751479551223874,0.4920170455703188,2.0615702867507935
1.5954862746095002,0.7609080073922304,39.367501548340435,1.3604803117467474,0.44107205769514357,0.07705278707202856,2.0547309815883636
1.5869451936621677,0.3221962822620175,38.201265607731116,1.0080105525213932,0.15053990846591564,0.2828840237698013,2.050490915775299
1.5516701406595923,0.7886241392274972,35.09429452846204,1.4994565745623332,0.9255070313181135,0.29299683027089046,2.0374538004398346
1.5896032210809985,0.37830320679595664,35.41217947680664,1.4866456432249844,0.18239361559365386,0.4282214298312726,2.0356131494045258
0.9088633325888168,0.7901100869602709,38.64801306111594,1.1899662635691115,0.10529553144388246,0.03560357927856373,2.0322835445404053
0.8030974230132845,0.7897339667842453,29.20499282239706,0.8580751792516257,0.8574260029238856,0.05124450545060712,2.0231952369213104
1.5510886503379098,0.33071879972337176,35.62232138525797,0.829064548717192,0.12741710959337832,0.36835561129891436,2.0193102955818176
1.5993041750047727,0.5041974115279125,36.25481111117236,1.4733904624742031,0.7333463762197465,0.03032527149723415,2.017937272787094
1.5881291310935484,0.5536557865097915,39.894172205196,1.4795629488651865,0.16513728439454783,0.33641317514320024,2.015931248664856
1.5895910735038807,0.4311640533123957,34.04564551428401,0.8671644854617053,0.12020153633802523,0.49611559055721954,2.015774816274643
1.4259795544945388,0.44589399116483497,10.013872819999683,1.5980436361653576,0.9949234209161083,0.4280272563621313,2.0152332484722137
1.3150407805037598,0.7926070582205276,36.040693439528106,1.542807627774104,0.9047503409234154,0.47278259036544296,2.0081474483013153
1.5964349158014894,0.7915970503476137,16.736529285748517,1.1136280565323515,0.8969971287473469,0.04330222939151941,2.0057599544525146
0.8084364648406226,0.7225432294114311,35.847714443228185,1.1689305203323281,0.9172812990182241,0.0632692231665701,2.002419263124466
1.5862335470044435,0.30635200246577915,38.579355686252114,1.2564059005796335,0.28696709652188007,0.33915598257722396,1.9994497895240784
1.1534586123787562,0.30779495253357286,39.28402654954926,0.912108138725805,0.893962877418571,0.4919417184027124,1.9987979531288147
1.4661280814715374,0.3890596287741334,37.82883575958043,1.5366403552345962,0.1188940976462397,0.4962803802117178,1.9982739388942719
0.8014071952956485,0.7237380195484739,26.647846793575116,0.8109307285490153,0.9767285286909064,0.25608444681728476,1.998140960931778
0.9308218761006746,0.3861516783660073,38.97356266886855,1.5937023553259688,0.7290845564351917,0.49384064345549705,1.9827337563037872
1.0342061669793494,0.7957495203342722,36.38668212446096,1.5381909425410454,0.9207790385320695,0.36952615640345954,1.9814513325691223
1.4004247716449374,0.7362492276647631,11.198490001701613,1.0324469649338621,0.9474980829637943,0.004600143388055901,1.9773540198802948
0.8051851586741416,0.7103202456980313,26.508747549969364,1.3786142766510787,0.9161910544053938,0.02863588632029597,1.9666078388690948
1.0345900686834928,0.31768190014988784,27.58706383982162,1.157150148439998,0.9862005622304314,0.47644118607642866,1.959868609905243
0.8085332244812115,0.7310743269864075,11.921316071448661,1.5775180065940675,0.7243686160593332,0.2597576814745504,1.950791984796524
1.5036669825517543,0.726209853640288,14.380655503064094,1.0076549784908027,0.9960422635259868,0.029968500761034925,1.9498721957206726
1.0114611713358992,0.7936155235439738,39.42230194424822,0.8410724966218418,0.8465140910799568,0.4791261716734971,1.946777194738388
0.8936706561754306,0.31135653805928803,28.97560528643404,1.587724613167208,0.3177687094462077,0.4957068311835119,1.941312164068222
0.8234380166069066,0.7738053983936268,38.5159947643588,0.9203289436583727,0.536557009319868,0.4391236601197154,1.9364352822303772
0.8140989855985193,0.679643396885848,27.666372485927234,1.5489220309999767,0.981816592904173,0.29292077230942065,1.9332076609134674
0.8724013074106338,0.32482063649774007,12.533672854940932,1.575557140944,0.330699432586184,0.013873521842150469,1.9285452663898468
1.5788284464054685,0.31199362504653794,32.49809033409922,1.389196988381985,0.17513721738462473,0.38803915125588084,1.9207539856433868
1.5876233512875764,0.31025052598657343,35.2161602907536,1.5698489137034946,0.9291364062023145,0.22476614374023893,1.9172347784042358
1.380725145052553,0.7942944375621073,25.95422888806359,1.580827391923037,0.8986538420159484,0.01380388549084522,1.9136830568313599
1.5233769002735211,0.30092898763010284,38.81933989199639,0.8189948013731762,0.6609128621659329,0.0944056397272138,1.9058260023593903
1.3711943174778312,0.3065290285848492,37.87115276571544,0.8443680824947956,0.9759278838677985,0.3499739369189719,1.9032323062419891
1.4865747837151781,0.574270699223983,39.82806443405614,1.4154638034438376,0.960299129725773,0.4880004909121181,1.902698427438736
0.8074447594801832,0.33087316685719736,39.32974587079275,0.9100471343895123,0.6677851998916394,0.4834184422713043,1.9008680880069733
0.8003018968827028,0.6934671128340031,38.658345963413,0.8416042025715416,0.6294322436804819,0.0853199881287842,1.897865742444992
1.165109052277039,0.7554483089649809,17.165292505268013,1.4567823324539222,0.9908958601524623,0.49189523778713345,1.8975216746330261
0.8394018936713865,0.7606705661426308,39.33679516901296,0.9168115577031704,0.5700278907565427,0.025273598861523517,1.8956667184829712
1.4300644523521377,0.3101123973082303,39.873608875829966,0.8957925896108299,0.9070236410365737,0.01341192637081,1.8922118842601776
1.087828580030086,0.3146720624182127,36.68495175647685,1.3549783280392922,0.8989417756356224,0.48843869054464695,1.890281155705452
0.8077389695908427,0.7514427142041493,38.52033681660443,1.2134419350034151,0.14856417038281175,0.04307143953306094,1.8869363963603973
1.5938002543539498,0.351942236169185,10.110181578605228,1.2379508870827869,0.23868305618242044,0.4657806258626839,1.8868780434131622
1.599563616276028,0.793968088905701,24.75846050870229,1.3856911467778361,0.946001189985676,0.31157484170309874,1.881939560174942
0.8663423274477802,0.7552554128996427,13.106098985039253,1.2939271533594818,0.9167671228645498,0.0013540644797680502,1.8766482174396515
0.8099414977362948,0.789764780501293,39.29074870069388,1.236925108631214,0.8344013938027862,0.35340135918413124,1.875188946723938
0.8158443590158593,0.34878570274732296,36.765163060500356,1.5904742843402606,0.14920951431275079,0.24513233552447206,1.8724992871284485
1.0832080903802397,0.3216735937045675,14.980182191562594,1.4539413679640596,0.10036974019424254,0.45555711392108217,1.868922382593155
1.599804920397439,0.5763369373184077,39.5659316379607,1.2861865561795498,0.10952558643096613,0.04288088634710814,1.859308198094368
1.584568818381209,0.5237343560422949,39.101123970663366,1.356090497344678,0.9285719333631957,0.08076019228533306,1.8495146334171295
0.8079233324462528,0.7887812410627255,37.5425538276664,1.4701029201236786,0.17713910777803504,0.21120193867711828,1.8493019044399261
1.577769284513082,0.30646508336052036,29.091628284764926,0.8097387794865093,0.9600988951749739,0.10398615219122893,1.848049372434616
1.4951102208122482,0.6963601186843043,38.9219259539907,1.2274256253901865,0.9507698348119322,0.49107939582400056,1.8371213376522064
1.5934701497142225,0.770133073829655,36.3427530409964,1.4807460427564005,0.12109389126733223,0.1447058388630473,1.825258731842041
0.8315832315822524,0.689241273445788,14.498122096491782,1.5990731295716007,0.6371134136088994,0.4608456481884401,1.8218674659729004
0.8430204212978931,0.4525237100413351,34.95440223018069,1.5641057130082203,0.8935846166140876,0.49691798873953646,1.815190702676773
1.1818757926732468,0.7624263402258717,18.940660761611262,1.531376870503221,0.8473655056970966,0.4950402762626435,1.8148092925548553
1.5979681034000603,0.39237884762015973,31.717641783095203,0.9634523292303542,0.9843161669436707,0.02978787131183738,1.8135432302951813
0.8022037030659311,0.314932099739577,12.205918447566313,0.9743223455793397,0.7907597210459469,0.41569876709763615,1.8092239499092102
1.569149308107304,0.7865378117284128,10.586695972659506,1.473844395579062,0.11334628156239746,0.3678529341385598,1.8032901883125305
0.8122230301488886,0.6205294578342218,11.232961931274122,0.9096223504097869,0.8406387355798101,0.00047267817508342576,1.8001206815242767
0.9802570389509665,0.7661126590326894,10.008228570698613,0.913734598558463,0.9409557804309174,0.05350961121860451,1.7877025306224823
0.8130937584395906,0.5220306470266833,29.97516062986658,0.8487106802546052,0.9835588546152664,0.46648436803593074,1.77474644780159
1.4055018109667508,0.7760084162801837,39.14972717180689,1.3966304073681761,0.7315354345173776,0.49068420049095285,1.772482693195343
1.545747697476563,0.392702364310196,39.84737664870677,0.9590573204393582,0.1596141845913439,0.47263801750131007,1.7702159881591797
1.5941275728875528,0.7765765489990362,14.630559401207856,0.8490197194832297,0.959598217639004,0.2635084293657677,1.7634212374687195
0.8341231449023848,0.5665992387996872,11.822894496343382,0.8295101537938949,0.9940219805898419,0.32549164946761966,1.7585497498512268
1.4525741928584681,0.7968450030089083,20.20149217561258,1.3925307348265785,0.9844398307135426,0.053637737013127115,1.757327377796173
1.025985384112738,0.6827217505244576,36.2452346052729,1.5095216241876617,0.9095315324019608,0.46261478230899594,1.7566464692354202
0.8057616197219775,0.37454852470543404,26.293890673794294,1.593760529033279,0.859712012916805,0.47858714748140047,1.7528160214424133
1.2078067261888072,0.303019812207042,11.996169152454325,1.5093345474345778,0.869671558565009,0.38289364091819605,1.7517859935760498
1.2565399800734773,0.7785618697370771,38.42192683836486,1.3119671563698767,0.9215432657246465,0.005491097971976204,1.7506762742996216
1.485814535314534,0.34417593051458084,11.486019480450114,0.8735525303246765,0.13137761485806893,0.3105125554642541,1.7463779151439667
1.1675725633111231,0.7824253980375819,11.29848777590571,0.9366688435048152,0.17432326445990792,0.00013993125279466022,1.7431676238775253
1.555140670901437,0.7201353996803406,33.87602893432326,0.8802996294603044,0.8739329117572046,0.4786422653559077,1.7407400161027908
0.9351401893195335,0.3077219176566673,37.69175848223858,1.4776246868397438,0.8532794820315983,0.45552580714185614,1.735876888036728
0.87570416969476,0.3555421731464653,37.364388344589,1.4391007153725592,0.12632492649242444,0.4457553538584784,1.7328671514987946
0.8622422450540804,0.30991460531781506,37.90389035111218,1.3588547112407863,0.24393956243648773,0.45129700841880915,1.7235382795333862
0.8113193400206247,0.4474649850685084,33.94525992126575,1.012297140242732,0.10836347671700945,0.49256911088066124,1.7230272889137268
0.8122887871228139,0.4116298215959371,35.01127341562557,1.5972400047920345,0.8143970629109565,0.04454694657121171,1.7206636667251587
0.8065675331156361,0.39406230583753543,39.53590497468267,0.9271016509995198,0.8009962221857629,0.4524733545644662,1.7179456651210785
1.5988585765271166,0.34327442643952577,11.453979893763446,0.9453332453445047,0.28678670681196117,0.4747306283442489,1.7166511565446854
0.8269513300573874,0.3422983404430171,11.005567301615004,1.5238892250304505,0.6428844243577837,0.05314535560531241,1.7142083644866943
0.8737827526980637,0.37753628961608543,11.643698721215564,1.594671109909715,0.12333739562315355,0.17792954535686725,1.7032822370529175
1.582099451236626,0.343626018463633,34.53446327972405,0.8136934659430322,0.8993515478418708,0.13378381989519883,1.7014796733856201
1.1889473735012734,0.4272640031852518,13.387781526216965,1.5555237256457242,0.14638867758191473,0.4951936044526817,1.7011724412441254
0.8045247068766556,0.5129293921866604,39.0446432125251,1.161624447008689,0.9727331706424633,0.08250251139303491,1.6995075196027756
1.573320497312165,0.3252931344774736,35.351571007234924,1.5986509040088586,0.4487345129719712,0.3118762814070653,1.69950070977211
0.8222506352664654,0.7054220238652867,16.33052419617067,1.5628384449221033,0.9372641605362774,0.15687392196188948,1.6988930106163025
0.8334795535476449,0.313490354210423,36.62741939451958,1.3994034269859061,0.9481807200111835,0.10160030470925872,1.6975083649158478
1.5963007933217888,0.5196724618911809,10.592018135275254,1.5571422417104777,0.9849127849066285,0.2622564889220063,1.6964165270328522
1.5719199626322053,0.7895922394701131,29.2436503478232,1.5511509926008848,0.47834266287533156,0.4545503338562002,1.6950906813144684
0.8355783983867221,0.7815442478450756,25.73211533106292,1.4801470061907835,0.9374448977867789,0.3111343564207337,1.6915368437767029
1.5833539989856147,0.3138752708921443,39.03676985985309,1.0700894188660093,0.3762022421340391,0.3455344769650908,1.6907599866390228
1.5807932414091008,0.6588114764945907,24.91101995899193,0.9211097531140471,0.984065396458877,0.4892235702059105,1.6904601454734802
0.8473874292634003,0.7583613103707991,32.568648290471074,1.5512650832809411,0.9007777174728996,0.25275806779581533,1.6900609135627747
1.4801932997198346,0.3265937500341207,11.42174644110061,0.9530033880075481,0.15657975763050286,0.4432565797383281,1.6895555555820465
0.8142456746996882,0.3294718286779608,39.6739693588954,1.4430424847176357,0.7322885156479823,0.2571565775084508,1.6845906972885132
1.5481189792239556,0.3572666126410311,39.68030117609021,0.8719176574787777,0.16857876646102338,0.20779996603933126,1.6845696866512299
1.1217324320551687,0.37672454342511974,17.292251370240265,1.5889652811052113,0.7736369961046727,0.49826546131906624,1.6840093731880188
1.5007611751004375,0.758432197885077,12.103744052348745,0.8763750798863797,0.8365561892433638,0.033973901098229245,1.6825178116559982
0.8215663187262033,0.7555627347799553,10.290000296283168,1.5740561222543041,0.5403893734046589,0.28746310817849113,1.6797426044940948
0.8130294099869413,0.7302399730479641,29.77739365861742,1.5764140989411537,0.7728086676831063,0.42925190337151964,1.6795575469732285
0.8458692977464992,0.7661694400741856,13.366754106047646,1.2542605081112002,0.9494458008419997,0.09027622918056978,1.67796391248703
1.5670782238676726,0.695305946418598,11.5781510730034,1.5713121793430274,0.917687577006366,0.09958642836547253,1.677680641412735
1.582275510364195,0.3571629230477548,31.910878088685287,0.8072099414829385,0.5666396855671371,0.4856650132894273,1.6764067709445953
1.3526490317116822,0.30894984552772325,10.666254272178804,1.048745678360644,0.8411927171078944,0.47364217054073815,1.6756582260131836
1.1416954194207578,0.7593036984012604,10.844481201512105,1.5919484006364428,0.5806325194447387,0.46832438758567113,1.673922210931778
1.5641933276882676,0.7962520274104401,15.423290842337344,0.8981510224202999,0.9274630275825816,0.11769359695677767,1.671054556965828
1.507067651566712,0.7999550001728087,36.07284614831214,1.2109960952388277,0.9771019066768107,0.3300067157021903,1.6705541014671326
0.8008584021886371,0.5387181690498322,25.914955457581236,1.4964816777351924,0.9876234268587084,0.4658162940874349,1.6657545864582062
1.5835464905437142,0.3808889584607872,11.335766512099042,0.8459383625831276,0.1925189599811624,0.05750683011949543,1.663796216249466
0.8962938076829416,0.7754326750082247,37.65102631521103,1.247062402402948,0.9640044910197965,0.25139059062680225,1.6628183275461197
0.8135781222530574,0.4406550866161535,37.20028740968162,1.5170928973475613,0.795833716066105,0.4411024398246427,1.6616140604019165
1.4468110815418211,0.777398622009303,38.15797204341358,1.586921856849818,0.6335268241357873,0.05164104740298937,1.6571085155010223
1.045838788873082,0.5738785376897856,39.8799879249562,1.5336913639690217,0.9597621004225296,0.3613117610533216,1.656802773475647
1.5065628984107962,0.3188890781557896,39.94523914130623,1.431943478003204,0.1866554884337728,0.1781037454773504,1.6566550433635712
0.8238233468400163,0.7568258327800277,22.886615288354143,1.5275447023478148,0.5821670825118638,0.46559973893063017,1.651629000902176
0.8779483980033919,0.37634483992900686,39.22398124639007,0.8258498371581743,0.9633220171801579,0.4341701638076264,1.6515866070985794
1.2323445991289077,0.7634473080622894,10.217104378509518,1.5262749088769958,0.11347838065041042,0.3182432763192418,1.6494587361812592
1.5843016947156865,0.4671029630278154,39.12841265820717,1.5463548323540182,0.5363673735641692,0.22261613759552948,1.6494151651859283
1.2216730405420124,0.7473120477172418,10.25684761312703,0.812173053660807,0.9045573890562288,0.4643503582512037,1.6493048667907715
1.540796548197242,0.5100187564124992,10.321203612439692,0.806197241833731,0.99345778865095,0.3102830478344698,1.6470187902450562
1.4221057078714412,0.7486748637589227,19.502286095405758,1.4907768234709702,0.9552110688272958,0.4947337686094698,1.639817014336586
0.8612744063783034,0.676040505074021,30.074581399390546,1.0368753847376386,0.9983895761714442,0.003765406722667997,1.639666348695755
1.597332889512503,0.7592561414881032,12.778559135267137,1.2278018774495758,0.9509983308005265,0.25675639133695566,1.6395331621170044
1.5901474020809545,0.4748566361320329,38.26903936678294,1.4913276516909915,0.2808237437998973,0.3673582090764651,1.63771590590477
0.8289571015523002,0.6634242210095812,11.314162350955847,0.9244758303632306,0.19634394782950454,0.005520804531166182,1.6355148255825043
0.8086821996603845,0.6610027032177767,16.557116415371915,0.8545845171777701,0.9717706565438943,0.2633575370825056,1.6354908645153046
1.5329807434124052,0.7729188873116963,37.661352507379945,1.4853865446032921,0.5032231037640873,0.43340542023764395,1.6300016045570374
1.0460548991774121,0.6645647981039282,36.35912603897674,1.2731015284642782,0.9718895420196293,0.49015437365132786,1.628472775220871
1.3412439327628933,0.7752046774408272,38.67327288358877,0.8044874676355507,0.9538715332458124,0.4217178258465363,1.627196952700615
0.8102892567095744,0.768421982689494,14.040948797716212,0.8722681110608621,0.7298826098100625,0.3418355716015845,1.6262318193912506
1.5499768151065398,0.6593637618880861,35.58267751754357,1.369419896779903,0.9810924921157395,0.04310606423268572,1.6254106312990189
0.8455796730803647,0.77032423358358,10.476577570747578,1.053202815596821,0.8675154648315966,0.47545599691190016,1.6238991022109985
1.593072190811244,0.6758831690176343,39.80814313296628,0.9901518350018579,0.3304568718326243,0.3020687664249872,1.6232123225927353
0.8182407744279784,0.40955724886505745,33.077565714356055,1.195286368647703,0.9599307173050389,0.006431245843902827,1.6232041865587234
1.5699337633016954,0.6295671235358018,36.24005367354064,1.5226925320846592,0.8370577071973233,0.47998782088287606,1.6227007806301117
1.385455533754681,0.7497143599524267,37.7828464906411,0.8467352338732265,0.9821618300940341,0.4302065968844427,1.6221608594059944
0.8751706338423149,0.7473793202002581,31.548179296361273,1.5923373417720705,0.889840352454857,0.40993200694208426,1.6170037984848022
0.9194068997622715,0.7370451457894202,33.916068181823526,1.5467913585242448,0.9728480209468746,0.17322215914254985,1.616562858223915
1.1567847488326406,0.797657129369711,11.127370676933175,1.493962260298754,0.15867133392530258,0.3676009663225827,1.6165042221546173
1.3225065755141894,0.7782084687034376,12.938563649600546,1.0026632330758574,0.9244233526227145,0.015612963365964884,1.6141360849142075
0.8172865756888746,0.7981924678450448,12.189407460613145,1.4006981429151981,0.38492195596799617,0.4278889845998282,1.6116168200969696
0.9301983927647488,0.6445518839997944,34.19469279575451,1.5056752542251381,0.9923003501245744,0.37425713494968543,1.6101790517568588
0.8829453470782673,0.7796374280419298,38.87339024430736,1.151229107064174,0.911248419818642,0.22330483973021106,1.6100633144378662
0.8097194150677014,0.45506513265521215,22.746386632340837,1.0042863132660003,0.9761917035670068,0.016580998304563634,1.6099017262458801
0.8087513710746708,0.7433951785043078,37.67891506285929,0.9484588654760808,0.7088050979727064,0.15194709162485195,1.6086742877960205
1.504538507760556,0.5312401342785886,39.800481381827,0.9371019924603002,0.8818098280576622,0.008219457751606691,1.6073793768882751
0.8273797455544536,0.7229542210062788,29.322951395740642,1.4568527411878003,0.9465311267168344,0.20450437162017449,1.604915902018547
0.9320352139900359,0.5045574172617537,39.162751362959185,0.9513499171890213,0.99642290900976,0.42198095179025885,1.603421226143837
1.4215822149068682,0.7917267765473308,14.695229424025092,1.5633277366544585,0.9793975645216648,0.28544604802862267,1.6015655994415283
0.8395148884783474,0.32020763346435466,28.786440722711816,1.4697742792168593,0.868055525625081,0.0461594947292811,1.6015581488609314
0.8356022566900414,0.40577558056685864,39.611292023941246,1.434584428238877,0.2006363905139067,0.437420862884131,1.5967544317245483
1.353679886076576,0.777951690405746,11.518988296548812,1.5419723986274063,0.7961355132301967,0.4741836392318337,1.5935669988393784
1.017644689718369,0.6922307454034597,37.90275611637634,1.4660529351730904,0.9904449424017716,0.02030693980303173,1.5898887664079666
1.4559783213405713,0.7719780553003868,36.81470807243576,1.5197272010706286,0.6911825137876958,0.42726481386492104,1.5889151394367218
0.8063981217032461,0.4226457042116238,28.014985938840397,1.5396606795019763,0.6743856383992795,0.007692985793902067,1.5887798964977264
0.8351626623858135,0.7757872729851467,14.698504719982644,1.2409379816195154,0.9654147931088775,0.4599969509469185,1.5881989002227783
0.9210048161772164,0.6387496847182061,39.27518143930466,1.2115523102554522,0.9609910281180111,0.4721922914311956,1.5880536288022995
1.0060512182541799,0.6922519609863318,23.360328058535906,1.5812903820702848,0.8656598633177649,0.4818750976912289,1.586802676320076
0.9062838838928444,0.3504781468346366,39.38530906848352,1.5503693947458712,0.8923848400497826,0.3726713664755276,1.586296409368515
1.590790594387612,0.460133591389139,31.27494682457977,1.5943267068776734,0.5762547535505627,0.07699959068700152,1.5860295295715332
1.4441416240278078,0.3306105286518982,11.701455580384607,1.5932973304736109,0.40506216211685664,0.48983629193435374,1.585454910993576
1.487932549778004,0.7619527454531716,38.79434031633788,1.369034546894974,0.6574014223931601,0.4431730288588217,1.5851669609546661
1.5360171927350907,0.34772595092463654,36.13299125691406,0.8588095465460599,0.9463244479125755,0.35651747289188856,1.5849210917949677
1.5700728712629168,0.3326389829386998,19.59674883383876,0.8468585750081254,0.1462976694171988,0.0014446080482492774,1.5833006501197815
0.8661880300047338,0.7576414698336236,27.82260784440392,0.828777197559544,0.9508076992688447,0.42257769239083665,1.5746444016695023
0.8027668742918269,0.7884741876518966,34.370001294716516,0.9266994692673565,0.5192681031235832,0.09640014520924552,1.5738708972930908
1.5980791627133355,0.6192970541075983,32.19838238390673,1.5615440783633334,0.5023863254541828,0.4715213333691034,1.5722016841173172
1.5547427271158811,0.35437847634826186,34.54150051727505,0.9194569084030878,0.781500563794533,0.002928917949561169,1.5680114030838013
0.9671957502202682,0.7748381625465294,39.71019857807566,1.2515660107596536,0.9238955663744048,0.2919033475565909,1.5655649304389954
1.3524189269595213,0.7486151679762576,37.268442554800416,1.2924268829372654,0.9961601803188928,0.058866623997311913,1.5654039978981018
1.3283078802348054,0.7967867635844957,11.149043581138722,0.8394803487658714,0.6371311210553985,0.09379741056564608,1.5635955035686493
1.5782224932868951,0.3224378665463566,38.765850771640615,1.2792842208943114,0.48853245387875366,0.07393698410893838,1.5634492337703705
1.1684391113091208,0.7613442249050282,12.312766794776811,1.517012522353828,0.800252274015158,0.43816139884525085,1.5612002164125443
1.2081147505078826,0.7975746513916533,38.170463582835225,1.535303146263291,0.5890215934985692,0.44894745440330314,1.5596090257167816
1.3530183511021945,0.7806239857144022,10.04589619766839,0.8228859070897953,0.5734946457739796,0.12829210173629066,1.5561743378639221
1.5727904089168736,0.3440591608373226,34.89090897924069,1.5921724619855717,0.40682776722896963,0.10153048566198158,1.554448425769806
1.5418569927822372,0.7540238340032659,37.87569712753637,1.3818810062890456,0.6480311291233039,0.4085855421046077,1.5528007447719574
0.8051138318867593,0.7674008153616289,36.678672291091985,1.3818138607228052,0.3420830815037357,0.41940081753669584,1.550686240196228
1.5316601632236513,0.3434467755517988,34.10042706984759,1.387336221346429,0.11771400928969614,0.34836514765053656,1.5504860579967499
0.8324850969133325,0.7074821536456335,12.820393002518498,0.8059549256956489,0.8954707847796805,0.19587139600252781,1.5504683256149292
1.5302238611360583,0.6793004131968766,36.15003676674003,1.4971438669947918,0.9009569473460034,0.038887554587734435,1.5500943958759308
1.5257192390817833,0.3003135838439356,13.736768161111188,0.8097787300500201,0.28910057780444176,0.1713277184291927,1.5464004576206207
0.8184435005085432,0.6978118353669576,10.888310750345214,1.514158467200637,0.6878498941995762,0.20842635009046867,1.5456856042146683
1.334653866228745,0.7804763131810089,34.898434040904895,1.0049596135490855,0.9570789369259826,0.4942367617082924,1.5454795956611633
1.5721141507838259,0.7715598090168265,36.524004129584206,0.9640063849255863,0.9645553275824839,0.1541020205234641,1.5423541516065598
0.831372277657777,0.3110623175995779,11.49624101968958,1.0528165568937229,0.6772036285005002,0.4617254270345762,1.542122557759285
1.5736326968196988,0.6621462052689056,36.24894201457836,1.5951812761650084,0.14349153425109903,0.37478109198886983,1.5402307659387589
0.9892364298339422,0.787551629035855,35.66052547683722,1.1834038247039818,0.993007728266835,0.1465746361820873,1.539602130651474
1.1817525156537647,0.7451848644555616,39.01300587074486,1.5680729152165391,0.7230737401767877,0.4187160425831851,1.5389493107795715
1.0609271068321084,0.6713217637068185,12.267426988825608,1.5885321578030478,0.9786814555611321,0.37152284811615394,1.5366054326295853
1.0997820261810292,0.7489900553326396,20.70850129482936,1.520708341120152,0.8247168526678623,0.47494786710038844,1.5359145998954773
1.1123790721251003,0.34934471182971716,11.979254595441567,0.9111552585428292,0.8382459781228766,0.4935525428525326,1.5349398404359818
0.8108278479130882,0.3341419805120759,16.724733387381782,0.8116520897642995,0.721771657906042,0.07597168615099655,1.5340179800987244
1.5016723143461705,0.7353102242773035,39.74804324048627,1.5807777104882192,0.13846616763073397,0.3619587727071624,1.5337315201759338
1.548465045796443,0.7383010136334356,39.49673469591432,1.3181380844459767,0.8887145171079117,0.2744860284469944,1.5328177511692047
0.9659515714584626,0.320044413997719,37.90679037736742,1.476220002835956,0.630112485448807,0.48316500590479133,1.5327181220054626
1.5908545952583257,0.7438619868369003,36.98729282220084,0.9787682103169505,0.17266945808557205,0.08047155285199893,1.531324177980423
1.5630606074959936,0.7275250257418203,12.309373898511069,1.2961606192974877,0.8651936319506348,0.4667076032403977,1.5312589704990387
1.1601119428515434,0.3679313907358634,12.678860820871567,1.1565002032813323,0.9783306371200641,0.45223241941507203,1.5298538953065872
1.1650182441717825,0.776374358590579,11.079444013680645,1.3772381764520583,0.7847217069615231,0.4773664437077203,1.528672218322754
0.8061047651720014,0.4749494130166629,18.619910499512287,0.933484937228936,0.9560476259794262,0.4850729582414024,1.525243654847145
1.5538595937304702,0.33738247164698104,13.714675106004291,0.8225395189061397,0.9753542004725776,0.27892174614871174,1.5246053636074066
1.0353695907612124,0.7790210229581188,10.794642934139649,1.4822239730554851,0.116380933417821,0.05277347101003539,1.524222493171692
1.1780762071884612,0.32635237634037356,16.546853008315512,1.528111376477106,0.5169111015217925,0.49951426864058684,1.5232672095298767
0.9579065014402259,0.7693162928297914,27.79452205257164,0.8972364318216492,0.9937682167250856,0.42233187032580116,1.5230443477630615
1.4916084075182057,0.3237194302507424,11.255012689234144,0.8095283069210023,0.7516690155052369,0.4500577368953563,1.5219776630401611
0.8219424855733182,0.7647777473894171,35.51759197899838,1.5018370028004124,0.6814302276451367,0.22022643821835886,1.5212129354476929
0.8681017331251314,0.30144732339636043,39.326307566626255,1.2979584996741105,0.9511936198659265,0.16201230740738468,1.5189688205718994
1.2418884744511247,0.779568258906191,34.13144489861767,0.8301359174167862,0.19265623761930206,0.017104992155865646,1.5188970863819122
1.1329775353685092,0.697532116474062,38.53327260188037,1.362821938287131,0.9301532193265845,0.47536002449930786,1.518538549542427
0.8109056968597562,0.6596503285326083,11.593153760024745,0.8903977272980876,0.737142331378139,0.10048608244925977,1.5185146033763885
1.0232137389464953,0.3896534208489253,15.129934373403099,0.8420649037778253,0.9787714342446359,0.0013485960705024768,1.5168137848377228
1.0194570026978789,0.32040695860125457,38.216708059511724,1.3022344351607527,0.19110489408386525,0.49597395200478794,1.5159285962581635
1.0507859364705294,0.34403130024535994,31.74988409837175,1.3975430404789795,0.8583516738186655,0.48752217859481917,1.515593707561493
1.0777499302257347,0.5292976820680315,39.78819760590453,1.3122403846703188,0.8858739676570596,0.4865267134296332,1.5150333642959595
1.4842877884806345,0.7893109802264047,24.760261396258258,1.5594315792759532,0.8800864850774042,0.10454924902517605,1.5144509673118591
1.5707291125585106,0.766271985863958,10.849257839885661,0.9315040831772995,0.9067641125227305,0.3356653047769616,1.5118214786052704
1.0237574974125745,0.322307190484529,13.854439473449673,0.8878688418078455,0.9876719125963542,0.2807933476008229,1.5103549510240555
0.8144660053452498,0.5432498779451072,39.32172527913603,1.4733001520977356,0.6093019702123877,0.35379986631237387,1.5067113637924194
1.5949945153081244,0.3113112485198441,13.325100736372807,1.2668275792568509,0.6202588056769306,0.49558333988295844,1.5061973333358765
1.08789301847544,0.42078336064479466,12.961309620194218,0.8081617236450395,0.9529072930267594,0.46000102773717627,1.5060362815856934
1.5552829780361508,0.498517691326911,38.17733554169959,0.8366226712267422,0.14847009656053511,0.4279074793604025,1.505004346370697
1.5600675534092718,0.5469080868430443,39.966222264958034,1.4896068701923089,0.6299454519479132,0.21983933400173322,1.502825915813446
0.9208302033777209,0.755188552461217,34.511196184028684,1.043869154560773,0.9997629427226643,0.15964296439699205,1.502706691622734
1.48626540711726,0.7239159758128846,38.19233858708367,0.8309173688623687,0.7000830017551186,0.021970144744246342,1.5026361048221588
0.9462182098325115,0.47113706169466163,36.53314222137982,1.3400068669823832,0.9804136077140185,0.44991196280542817,1.5004189610481262
0.815362106048265,0.7900021193011264,20.716244105707148,1.3813138324548038,0.48095560099930734,0.4840175080990788,1.4999383687973022
0.8431967098298528,0.3405186626736295,12.65882979543424,1.2535319954454722,0.3728374590046176,0.01610350215989763,1.4983914494514465
0.9000211231369843,0.7640540822838999,38.998991851989274,1.1300434367978935,0.13963606925839533,0.4525614877295618,1.4968291521072388
1.2756079615808917,0.315462735195077,10.565294775843762,0.9839195522648007,0.9449242467892975,0.35814885054878043,1.4964594691991806
0.8855348294501049,0.799902083137791,39.028548608070736,1.0338668844332848,0.20080080435122538,0.16517010923708794,1.495981901884079
0.8438498411423674,0.7037010377352695,21.91219831185921,0.8433761287240591,0.9331155822011398,0.025973471644717257,1.4956084787845612
0.9768837817464106,0.3528524047039858,35.39734657095588,1.535505894270596,0.986055625888135,0.307574606722743,1.4940617084503174
1.3515954573604492,0.7386895079571411,37.97222730923505,1.385764665658452,0.8776669134757317,0.005260981804591163,1.4935936331748962
1.577718311557272,0.7393123642521346,33.76878781663664,0.8562583259042561,0.9157767098523655,0.30124242409219304,1.49325992166996
1.495349312784862,0.7527538807815978,37.35153535454707,1.5864630893920222,0.602728886521983,0.05671978423819483,1.4928778409957886
1.4087125855114626,0.3170259772380405,10.818106663394115,0.9703014870468104,0.24273356044922875,0.46073709521778167,1.49281407892704
0.902320589592406,0.7612350070093706,34.01807667928911,0.8021554753868082,0.8299112671386613,0.46826006989963154,1.4913218319416046
1.5546073628398531,0.6820124985761009,39.464649988288784,1.4111295828481583,0.6533608851966883,0.1253650072511692,1.4904558062553406
1.4904140118710711,0.3163057515322356,39.076932912408694,1.5701275499294671,0.9513010034062762,0.14701721562842957,1.4893997013568878
1.5237202083866992,0.7823462377791142,38.993453353362966,1.0967263325702974,0.29692040902843897,0.01568916450464468,1.4892331957817078
1.3079213283465672,0.3231416218359655,34.03565066165021,0.8924365553448548,0.9885245931706135,0.01588256916638512,1.4887549877166748
1.5990042810487821,0.35806667424714395,38.89258459741091,1.2504699249224975,0.6316392858316444,0.2893855626376653,1.4870517551898956
1.2783553368559288,0.64825486929792,11.016290206711545,1.327807040287264,0.9925472565179146,0.4817054465551762,1.486985296010971
1.5469333133854146,0.7903705944133577,12.002894136161952,1.1037600782868124,0.7749068186138973,0.4832309513920055,1.4868419766426086
1.542015830913674,0.7945917450907509,39.91816377932516,1.0942783152439466,0.24150648260266058,0.2338511856421173,1.4857825711369514
1.5875958744046772,0.7957602584652278,25.01509367981322,1.3175267723823445,0.8389582719321728,0.11493514019292038,1.4850443750619888
1.0643200351071023,0.4007094905544886,36.93776467430732,1.4047713464647376,0.10130912473171892,0.0009334561611116063,1.4844178557395935
1.0915062989310755,0.7425393052491979,37.08549320245189,1.3579219998729433,0.9731955922404574,0.4123371555304506,1.4817922562360764
1.0211268309366917,0.4596353358521347,38.75476869357469,1.5884300119182297,0.49207225899772533,0.4960895465135959,1.4809657335281372
0.8078735037922402,0.6687694425054587,11.318559411326587,0.8719328412163048,0.13705700524429282,0.24373322740909595,1.4802540242671967
1.5647387465639562,0.561076921648952,39.50311059824185,0.8999315426454002,0.9822956143660383,0.1294811992549826,1.4773839861154556
1.224756318424443,0.7217460094044199,11.858566225659823,0.871294308753747,0.2370277474437271,0.000614906101817285,1.4763835817575455
1.1018675055802856,0.7443913134659326,33.64931283726522,1.2034605594791612,0.9832587821941783,0.49038831434657065,1.4754169583320618
1.217872822689634,0.31674443470147706,14.650050039273133,1.149619445147955,0.8683688251055158,0.49976507558121314,1.4744967222213745
0.8005399595296431,0.39203138001151483,35.550459595013194,1.5603000037505417,0.16396117862631346,0.2332101967821302,1.4744184911251068
1.4646006674336354,0.3386367745223617,39.022730036147195,1.5910016809914174,0.4245700928793009,0.04319842375717276,1.474279761314392
1.4937800498897662,0.30519788876620985,39.2432430289369,1.1325818609545324,0.6341194941601027,0.481449225819727,1.4723273813724518
1.2316888167548596,0.7515592522235792,10.336874157163717,0.8446594949098508,0.9579286635235775,0.12013604412543673,1.4713438600301743
0.9903307394105006,0.7401612468986218,39.3325621624127,1.4841326408618452,0.9284920174527203,0.11579271890080513,1.4708531200885773
1.536547985438029,0.7151208423912276,39.93395217253703,0.9509585105466115,0.3653429724377891,0.48839095949949995,1.470666542649269
1.1828770444754835,0.7671891409351308,38.066420623283534,1.3061722907323468,0.7803856173236388,0.4966367304616789,1.4702924937009811
0.9036460187844559,0.3435183645487244,28.763799956920266,0.9324633366435326,0.9846100708542556,0.4316397870626086,1.4690103828907013
0.9321944048044823,0.7680775671906835,33.29622973685687,1.4278344539427814,0.9644497718077174,0.0928181369286571,1.466609537601471
1.4692404097727412,0.7625750645115371,38.74480938958503,1.4765192167178403,0.6062465201939025,0.012693539959834335,1.466519832611084
0.8624087023679989,0.7731885123221256,18.816825593566833,1.5776586261140013,0.10485199341849807,0.45701873926875153,1.464561089873314
1.3177521447756555,0.6310689315855749,11.465828465775544,0.8128472686734204,0.14251156453915828,0.055073978493177356,1.4630762338638306
0.9573255658659192,0.7843801520240623,37.592273183712365,1.1013768591961512,0.9466881658793103,0.21045577624762313,1.458877056837082
1.5250350747343135,0.3156019129344783,36.31649044835827,1.5771921277557213,0.973651421207261,0.3479775010081723,1.4572971314191818
1.5778846551998464,0.5264514477336057,39.862689748506526,0.9317212492377941,0.5489363627151708,0.376784903585439,1.4547636210918427
1.5041190325559015,0.7500076301086692,36.28728867082603,1.4364386783210281,0.9597793612562391,0.31903047206551693,1.4540708810091019
0.8022983321342273,0.779894308874947,16.88367320881164,0.9266326816655461,0.2945130274937793,0.06213662367736663,1.4528546780347824
0.8707308121018347,0.7998517301453925,12.640695766252886,1.1778763237124386,0.9634569464856962,0.40013136281881945,1.4520584493875504
0.8234412904780078,0.6935448563838984,36.20189447534662,1.0839473759559395,0.11627336125612003,0.024000941108424174,1.4511864185333252
0.8213835049308197,0.7419797296256805,32.28959099905418,1.4649385725630828,0.8598972733212972,0.21520803920819176,1.451068103313446
0.9021878145048493,0.7254820191203997,14.470909690269787,1.4332505124251795,0.8879157753413098,0.010025588856602175,1.4498998522758484
1.581082045797975,0.6089592364250935,38.196210819947865,1.4606307344530796,0.741113009995601,0.23106850089483433,1.4498268812894821
0.8440138212747431,0.7939195474972462,10.77490696959837,1.3884970279997177,0.3268414410499104,0.442043225766649,1.449556052684784
0.8282055513832343,0.6603834428208132,28.80101889674256,1.556783864522314,0.8853964105519283,0.11048910345475202,1.4494100660085678
1.5524716888910959,0.30877207464604406,12.158986649101855,1.2864696503458644,0.9487415030147303,0.11551585785210197,1.4480409771203995
0.8531077265338985,0.7518100493665092,38.41846174442294,0.8827301314608176,0.7568710672973409,0.19824038524546989,1.4475906193256378
0.8456902886632576,0.4778917139672693,37.549349391927805,1.2815416211770791,0.9922552851158118,0.46339006238954317,1.4459511041641235
1.5824897294454985,0.7125078742515452,26.557876707727253,1.4474544359765384,0.10189170093103209,0.46723242525931935,1.4457270354032516
1.5629968818980617,0.5750451092735887,28.855799300830476,0.8247691484623568,0.8782384069701018,0.4954417287515026,1.4454242140054703
0.9378643087494832,0.4077018973249586,38.97491918583612,1.1506195625967894,0.1500570173613369,0.4746180090540447,1.445381075143814
1.5841772880108975,0.6514426325193431,37.85005962359555,1.4370322845081853,0.675372098760246,0.2918916482069172,1.444955825805664
1.3513417974144422,0.738853693919332,38.092775873423264,1.5986385562109444,0.7791877756684022,0.41969215799850473,1.443940743803978
0.8220433161505912,0.3124265672568093,38.67839847923415,1.0377046506682799,0.14874734621356814,0.33182535833149507,1.4424175024032593
1.0945333417553877,0.3905485498043103,31.272233420437033,1.538575822541231,0.8279713784019783,0.46491153930160806,1.4421193972229958
0.8860299613982168,0.7214134096422633,32.40789230378314,0.9954161830208341,0.998093806085317,0.41399079844470843,1.4421054422855377
0.8123468713206056,0.7580981861488556,29.862520750358208,1.4343315784250126,0.8357592376924866,0.17070009913599055,1.4406428635120392
1.106790833872076,0.7960870262865527,30.696954928659032,1.4640498495948417,0.10622912003030675,0.07347331807335944,1.43775075674057
1.171834261194799,0.38294898536851074,10.203837021496446,1.4025935276173038,0.8991391817619893,0.42105540028804983,1.4375440627336502
1.5700992674685152,0.42315200146779064,10.49349018504274,1.548187654634008,0.7265759943548461,0.4932229311628346,1.437225729227066
1.0148406171716848,0.3031955356368123,16.26908995648259,1.5051031667505046,0.7456023205966632,0.46731404522490655,1.432488426566124
0.8217881068849793,0.4173719673849072,32.93585534592062,1.413902514968927,0.48045527669543275,0.475402135296435,1.4306376278400421
1.5115447246874099,0.7851706458904961,38.63909441929845,1.2243202102594517,0.7522968891466515,0.1158477396952332,1.4298135638237
1.548255819064254,0.7085889644192449,39.5338500658565,1.3557945853192348,0.8525183861347297,0.18960936556083624,1.4296887814998627
0.8209269031167499,0.6184219494090963,12.234723771611733,1.5406310078057033,0.5485466577981728,0.4338477945602813,1.429642215371132
1.5969404644899248,0.46201613355472404,31.00834829730217,1.4565815398620803,0.2046382126133892,0.4674448036077795,1.4276558458805084
1.1470473054303392,0.4527926439234543,11.619187539439098,0.8917379921192862,0.9056711427649565,0.498066943128145,1.426311805844307
1.5903608231572257,0.3056299989896912,28.063762710900725,1.494639689107455,0.5340285769155627,0.18734335205926586,1.426167905330658
1.5892414672026365,0.6096283501970908,38.60513245822257,0.8807997772141427,0.46320515684357866,0.12468572507461499,1.4258452951908112
0.8244272745672403,0.7948036366710379,31.738485929525396,1.548004278933686,0.3659032493266856,0.34541512857777834,1.4257663041353226
1.006710810065205,0.3017013126164985,31.562107424704642,1.5362861180505583,0.33033208744067055,0.48361434043063356,1.4221366345882416
0.8801642935724386,0.3847072135234272,32.24225260492881,1.563782204552077,0.1462344542087871,0.4542185258734383,1.4221205115318298
1.2280441863338547,0.7732172608376171,15.704499963225476,1.5534037012586799,0.9480378974648482,0.39678990906651274,1.4218588769435883
0.8379998057643439,0.6056742399305831,36.90425272402042,0.9000285752726492,0.971022468186911,0.10548383268745715,1.421842783689499
0.9123020114796556,0.7741369434673592,33.94718851672724,0.834054525913405,0.23726474425166594,0.4833073827597306,1.420492947101593
1.0528017766028288,0.3004140271709258,36.26658489833633,1.5295447454902102,0.9713947306914029,0.06763469527982895,1.4202772080898285
0.8620060001012554,0.7891488753258137,21.40501959670289,0.9594158630268179,0.893488113832413,0.017475471780878358,1.4199820011854172
0.8098335286492924,0.575427422055975,34.93516753890309,1.1683777734977097,0.9604632650760477,0.1469997509765161,1.4198757112026215
0.9810012907768889,0.7257343852594808,38.0466606495712,1.5219551936686637,0.9407899668175144,0.08180271553967382,1.4165381491184235
0.9868655265792918,0.7659906167785053,39.82355226573378,1.1427707868812713,0.7590169259442627,0.48963323215024174,1.413819044828415
1.5860637634711512,0.7495706515358551,34.877930582315805,1.050739508312642,0.4046905010493035,0.004266490571376465,1.4129782617092133
1.345390015610471,0.791506976204143,13.31289846726759,1.471337261658583,0.990316892364576,0.21176347849444715,1.4129059165716171
0.8225269113791158,0.6000586574213447,30.40665242780026,1.3214513060920763,0.9815843921491123,0.13476757426031008,1.411676898598671
0.836208768732303,0.7198223093102505,19.039894763057845,1.579423361682317,0.732655717804438,0.10486280889717155,1.4102165699005127
1.3601796841393181,0.3577782558123059,13.262158598498758,1.48210161058336,0.9822105007257487,0.40590463559288464,1.4096177816390991
1.5924278885767977,0.75666374297426,34.03845337525124,0.9822985915022729,0.6671838684785765,0.033545279197048535,1.4086225926876068
1.0288950569497675,0.3446329794412283,13.203986301450557,1.5879102650643682,0.44437943970649907,0.4796829675139068,1.406705617904663
0.8693436973095746,0.32790944083332285,35.617749978315885,1.4769522496236682,0.22753570092591274,0.4243076949964375,1.4056589603424072
1.4559114950045486,0.364970236000383,11.176063334965626,1.1062821267722323,0.9865047583522238,0.3815453447422303,1.4045595228672028
0.9238567146534412,0.7947724800548982,11.139972483549402,0.8718005355469085,0.3569265886182018,0.016933516010782326,1.4029446244239807
1.0738806159302996,0.3918448604768228,28.96879408768625,1.4822758167257368,0.7992826030344187,0.49686720011703384,1.4007784575223923
1.5154474277046748,0.3909124600033935,39.74500156616497,0.8041185850019478,0.25959938873371047,0.00889755812529121,1.3995727896690369
0.8092531872837823,0.6117207155875883,37.63537684503958,1.1100186834870498,0.7720954453699854,0.4682473598507927,1.398076131939888
1.5840161387236968,0.5854112175379707,38.90006307471576,1.397813749349584,0.5278865613322753,0.08156690138582316,1.3958042412996292
1.3228454041211868,0.386585789676135,27.211234655632264,1.5957511479010527,0.1441156113438188,0.48457486159053176,1.394511416554451
0.8011025955649426,0.44145132138119675,32.41120581264076,1.1743961997198438,0.7869790003636575,0.49913163631826546,1.3931705206632614
1.0749010398893584,0.3636873933537069,32.02001072560583,1.5177212948099095,0.9491101069382594,0.3981648586027915,1.392702892422676
0.8159712913185381,0.6268687470472416,35.34758409671696,1.5629463770607488,0.10147159237296005,0.27099745492996397,1.390784353017807
0.8820915862518756,0.4987534850689234,39.27165385992579,0.8900159193436231,0.7971445182608401,0.4861060894895206,1.3892561793327332
1.53337975487249,0.31470974227494874,15.322868312084466,0.9116813386628295,0.16321176127306491,0.37791456404785706,1.3886980712413788
1.5952860399824078,0.7949468518000113,25.169571811797518,1.2968976081569095,0.8172645940464025,0.39794856880402296,1.3883261680603027
1.1766929804356363,0.354615029976443,15.331534804262517,1.5394377165485305,0.7466909276004333,0.4689041279447622,1.3881712853908539
1.4247220291429858,0.5386162179485626,10.368820439276744,1.5378618921372333,0.95234059964707,0.4265225862521539,1.388021320104599
1.4029948206279894,0.5009135543663993,11.696278320704744,0.9859953892898874,0.984366884779626,0.041196698067323616,1.3859884142875671
0.9783745461945645,0.7874062198572418,34.18475213298413,0.8789617616627785,0.278550474201678,0.0031458825020271113,1.385164737701416
1.5573305306590148,0.6306545404679397,37.384755257622516,1.1463817351276577,0.9326020878882422,0.011416283766206911,1.384747490286827
0.9480013397307668,0.7926505625654989,29.1291827149805,0.9282056715704473,0.9543228749064777,0.4043041632529995,1.383960485458374
1.5638292990681422,0.6059927387946352,37.53085133200884,1.5435135844902848,0.8789036422223884,0.3940653799346117,1.3831731975078583
1.5229783356272275,0.30960878043401413,31.23193447967281,0.8000961417515563,0.22696423968618912,0.43649434898163547,1.3829346001148224
0.8214634429306308,0.5376236249131878,34.319725230265874,1.57566337119509,0.8695613004557944,0.31251436156127754,1.3824561387300491
1.2064721316650504,0.5756675747010904,38.503988735356245,1.591457704686565,0.10911777086099492,0.03837152420731717,1.3811106383800507
1.061556942890986,0.3537392980617233,10.833953351788036,1.545429996310615,0.916072794433397,0.37368428707656204,1.3806928843259811
1.2040753295925959,0.7837507851791556,12.289691704537155,1.5051707671522048,0.20376457479094828,0.44676528089869744,1.3806319832801819
0.8129146909236726,0.6682997511140444,28.790595407519902,0.8567378608530634,0.17135311174129514,0.047270819598959346,1.3798162192106247
1.5978503889361444,0.3359237283567866,11.999562103689252,0.9667126146647902,0.528588893369292,0.4358891885468792,1.3788792788982391
1.2898998777399469,0.7672573984053892,24.256815529196125,1.5212778942077874,0.9524972353610509,0.025513995407804538,1.3781248182058334
0.8036084813059658,0.316078036072296,36.95471151067573,0.805871887675738,0.1686921900954122,0.26537699515320334,1.3776881694793701
1.0963029051482756,0.35422264294373607,11.790550167271295,1.189754106090469,0.924629394387224,0.45610617495495465,1.3771292120218277
1.5220252766003615,0.782773921220945,39.38227336036777,1.062595424032237,0.5087261408510413,0.29743990182847235,1.3757227957248688
0.8014416073058738,0.7122881020585152,37.55881863141013,1.0795436716138922,0.18706777887002546,0.06435722546077355,1.3748140633106232
1.4369401825835715,0.7890604967965623,39.994836656086704,1.1935974727115093,0.6032587436971969,0.032572665178237106,1.3744040578603745
0.8336899182813692,0.7728271654318238,14.576752587708608,0.8689270889922556,0.15986943473312704,0.4597689503571967,1.3740234971046448
1.3322557088782299,0.7409239704335635,14.127577242188487,0.803705365938875,0.11267710603141233,0.07384565708394501,1.373867318034172
0.9632330488528068,0.7470368410108922,16.452606388088736,1.5119456977603754,0.9825479946954252,0.31925768869692484,1.373510479927063
1.4853719867843886,0.34811749583094015,39.71274002701832,0.8085746116304411,0.3027662055312132,0.001574848621159241,1.3725548833608627
0.8661278447681561,0.5797453655093006,10.608729386536693,0.8651219152766664,0.956227257396563,0.3152054254331338,1.3711067736148834
1.5750964067636937,0.7842171049728207,27.437370140892433,1.3096068575162014,0.8450408888116674,0.4353714364583798,1.369425505399704
1.5994452012872202,0.39787378848083615,16.432511355457198,1.004376774990362,0.9121698124795304,0.019656439653136966,1.3691592514514923
1.579709719456587,0.794037384937348,32.63019645897509,1.3791808901810891,0.18841649039887823,0.4263770746995263,1.369078367948532
1.5901899509213475,0.786685685540532,17.691060532453744,1.5510202958433201,0.4153910870552626,0.32185271384411357,1.368126004934311
0.8538622655552466,0.6896145295945628,17.566452713040004,1.4827292034247554,0.9841197665171079,0.3944927068037642,1.368004098534584
1.3532326418567875,0.7572016878254342,31.41949879704773,1.588393292216952,0.8557209861719343,0.43632990076005734,1.367190033197403
1.234128016143814,0.700114273574989,10.06518096075714,1.0471796989118671,0.9393501906335822,0.4920525233080245,1.3661862015724182
1.236466689675514,0.5181303537754183,18.209259052254232,1.5306786327368196,0.927183437763445,0.48847704303120554,1.3654065281152725
0.8006981338380963,0.3312430567403209,28.42303394663565,1.3861625022812645,0.23875299497204214,0.3425033081015683,1.363028198480606
1.2319220205325996,0.31572856294537627,19.650090644580253,0.9213293972190313,0.9853266445300234,0.4458597156426801,1.3597709462046623
1.2698811038640863,0.7938525727913404,21.82955332379331,1.43939632085282,0.9181308319095901,0.459284752572182,1.3596231192350388
0.8105714378595782,0.36302713828458655,10.449116358650262,1.443281285666894,0.2705312705948736,0.3651309876017752,1.3594959750771523
1.5723196465920934,0.5397534945505768,37.37652462724881,1.574092466254035,0.855862439111247,0.2849516266137008,1.3592164665460587
1.077002744213942,0.5379640010169979,21.25233682128343,1.5294772814457978,0.9829082037460264,0.43280630424118943,1.3589864075183868
1.1851221422087823,0.6541560537713746,23.356899880999507,1.5925774789624156,0.8893863226339217,0.4431358875276514,1.3577814996242523
0.8440864280682525,0.35607440956042463,11.661578543239488,1.4541382390292288,0.9953935517417845,0.48773738442528836,1.3572620078921318
1.213516080155806,0.3596852405632107,11.923104090675075,0.8289071164313404,0.7921532548865206,0.4585548811032205,1.356014922261238
1.1920838059930767,0.6717702169535698,32.477421734194394,1.5828516971955993,0.8106479792050756,0.4813721922958953,1.3552064970135689
0.8322077981124549,0.3464978008995638,14.178539527591319,1.3159931787935797,0.9814662929236955,0.049079779391789334,1.354860082268715
1.0453976905115574,0.3617452410393222,39.208750369683855,1.3179916386278543,0.6302258144290142,0.4870942611415231,1.3548563420772552
1.110352940370365,0.38802569496733263,14.355898201761176,1.4590351850822734,0.7893480943957364,0.4871873871359991,1.3522237539291382
0.8220819690931301,0.31733176169235916,24.693410059239113,1.5286318569392376,0.5268106752309577,0.2313263798678171,1.3520083576440811
1.442293372300779,0.7958470227541277,34.64507532372734,0.8249603486030337,0.9062487435723283,0.3985660766718402,1.351273536682129
1.5784047305406157,0.44047676875071756,37.928442720037694,1.0675024564561295,0.9918261633991499,0.1665840026308831,1.350927546620369
0.8551509207772102,0.6730818775621552,37.70641561796648,1.0869133405770723,0.11505902359891859,0.45203550989484803,1.350118175148964
0.8491914652574879,0.38648673387127797,30.571548531238108,1.424058484419171,0.17036208556958327,0.49714262865756265,1.3497131764888763
1.0821442355406838,0.7450787266866512,13.372624475039652,1.5353929601019796,0.13552083575828208,0.4302844700386451,1.3496604263782501
1.150850470212964,0.7806925922254601,38.58966373386546,1.2804797607854155,0.10469127499408597,0.14323022883096118,1.3494447469711304
1.5857223696725686,0.38948041969331115,10.97245965039442,0.8288143764524155,0.9027449568494608,0.2529796835099068,1.3493079096078873
0.8613738733330198,0.6358809376064942,36.94197316810984,0.8653872977392706,0.955982878727744,0.15160391032878145,1.3483238518238068
1.0515034065408408,0.3461999872782366,20.568254236555756,1.2308986048949344,0.9663265173867774,0.44863394512245397,1.3476550430059433
1.5098403038418367,0.6623927587473,33.47440863081229,1.5147963951117325,0.8897265495260491,0.4783923776767392,1.3472924456000328
1.591313407409393,0.610026197449755,13.010215876080549,1.045321660120446,0.8717929289523971,0.015035184539856247,1.3448718190193176
1.260524065397566,0.688709116199067,37.78871189193441,1.551711234266898,0.9234035626167475,0.02455179743694036,1.3446415066719055
0.8316538508999132,0.7632666346409837,35.07958363079313,1.4460803558947313,0.7981389536347655,0.3957342783822998,1.3440704047679901
0.8288595986529365,0.3277108787291567,38.32331949663637,1.3583516101078703,0.7307031122427521,0.4028181737077798,1.3436551243066788
1.5323756129455404,0.6637137944959857,38.59713957968943,1.4938030643567155,0.8090019119886166,0.11742429263273044,1.3435748219490051
0.898938917578697,0.7127251033625815,37.91438555373456,1.1374325829451752,0.960792340054162,0.37263647914975107,1.3425112515687943
0.801614529717561,0.5168806665721406,25.294773129256733,1.3846065840671047,0.5602481108436725,0.47989414139429326,1.3420950174331665
1.542774579969767,0.610615044380862,34.25146534341074,0.8476263340536732,0.9878532963002757,0.3573927670595926,1.3419507890939713
1.1308574803149454,0.3294000156345448,39.66213419081009,0.997474384317356,0.852646994327045,0.43871649162008625,1.3417862504720688
0.8188069740806136,0.7300543900003873,30.6142149452596,1.3388048962379582,0.6196923146092146,0.46792221544651885,1.3416997492313385
0.8712973903396248,0.33007409807629146,29.585623984098717,1.1318637090965253,0.9078783978035831,0.0051156493623097914,1.3407624959945679
0.8344224253769017,0.6206274206867948,28.964872768911302,1.513701064346232,0.9352464142472721,0.14218061427947704,1.3397954106330872
1.5338347019804792,0.7323954546212712,19.122697751739906,0.90100495016479,0.9090065522772012,0.4894896971359047,1.339126005768776
1.0896670569628333,0.5391725885231218,32.73353655402779,1.5582010353169715,0.7688130794996095,0.4877696004464245,1.3390847891569138
0.8034461250824092,0.7677713686700695,14.214601877182181,1.1911698769977352,0.7575125090927649,0.16106775225404837,1.3390168994665146
0.8507490333236557,0.6632380932721862,14.180880425198776,1.5812009480455314,0.7707133444993362,0.052898698726825365,1.3381330519914627
0.8107737135399259,0.6046139151918142,38.9362102601124,1.515616289130601,0.14542681962892498,0.31096472624365645,1.33767768740654
1.0315140608386497,0.7989296974945574,39.34256334149687,0.9277131436546816,0.3019187244715959,0.4544436330927311,1.3376473039388657
1.1401687807339922,0.5917426426469128,37.14478146147303,0.8975995560161523,0.11808055679034973,0.053590378610606886,1.337473675608635
0.8024355400678413,0.7195718055103468,21.260212854372604,1.0434758501673094,0.26465902356133253,0.009378335444650207,1.3374103903770447
0.8559586521239159,0.7685416770934503,20.04256203520384,1.5938873462585539,0.10103392580924472,0.3282724445109845,1.3370579034090042
1.1468204990994761,0.7010128362433594,37.580649947022835,1.2311563745774563,0.9868629855684568,0.006972653657673932,1.335196927189827
1.284737396550887,0.3123798831230828,14.613311942507128,1.5657301267371675,0.6250922509598362,0.4716349239570507,1.3347246944904327
1.1100175749931913,0.3396067578738846,38.04708140900841,0.9353268684009066,0.14180454788188157,0.018702448012037534,1.3342279344797134
0.9251272317233893,0.30817148601066524,28.657943586532156,0.8714299841988905,0.11314073512044052,0.2111148282843766,1.3329471796751022
1.5575262803789638,0.3849705744834032,38.8714724857343,1.421341216003225,0.4653558880304943,0.04515313741332171,1.3309258818626404
1.1346402001352547,0.7533756237129544,15.486268396740325,0.864544259932751,0.9699373716843532,0.03068943896382634,1.3305751830339432
1.4971921870473106,0.338503905545196,38.24066377055816,0.9157301299899173,0.11515170114278689,0.15673778431115298,1.3286447525024414
1.579452469600393,0.5867485749920165,35.671364459802774,1.5547133805700597,0.34960084764249166,0.4418903519679967,1.3281107246875763
0.804276993061826,0.37697865218362303,39.21366004382998,0.994218952338315,0.9360631484302977,0.05691730023166417,1.3278932571411133
1.3205283404364478,0.31742716498817414,20.47464814472287,0.8853011567023966,0.11877998180193625,0.4710829652011466,1.3270606696605682
1.4014784314242266,0.7284564216363529,34.2783043263411,1.5183855173005294,0.8395799797560234,0.014836653678987816,1.326863706111908
0.932253645307475,0.3043081244373023,24.164284277139416,1.5642775710590882,0.9003221975888681,0.05464037356978828,1.3262052237987518
1.5917636091898284,0.7367621621273484,35.99689710113384,1.5322812520392446,0.34714207575025613,0.09518877304603188,1.324709951877594
1.1896999829471202,0.37821467297659084,10.901135186997182,1.0476203178565198,0.8323235445393985,0.47786230816065983,1.3242721408605576
1.0251388268070905,0.753155234488394,37.42463654032744,1.2238749512807428,0.9077949445136438,0.003721268193307803,1.3241909891366959
1.5969728242900827,0.4596596526321924,37.715449174934264,0.8141802906035059,0.21560897208075325,0.1279006585788164,1.323313981294632
1.5724112136497888,0.44083002094687485,38.66510736761245,0.9677399202810735,0.15538910082850577,0.004518659932553897,1.3231849372386932
0.8197546141651945,0.48157243022715635,37.604302095378074,1.5999097118756986,0.3320285507011229,0.02251760769968824,1.3223538547754288
0.8456209547551816,0.5816424666011931,13.14188067680255,0.8381134492283792,0.9272027762872671,0.38921428406413966,1.3212568759918213
0.9778512284736415,0.4459343418465293,21.94490203924203,1.5658728055979436,0.9295535394954582,0.4591095449320218,1.3207958489656448
0.9964609858412091,0.30493847909894134,38.8616170503005,1.120571114619519,0.994674576411674,0.09819746163249712,1.3189829736948013
0.844467759602459,0.7435403133316607,13.267861284406624,0.800532120051172,0.6727835184754122,0.24540458767152695,1.3188610970973969
1.5356526296755506,0.7155346175535064,37.216483008413434,1.5533180717122401,0.5542870925173936,0.31727701358987415,1.318656861782074
1.5132361914833652,0.31518211556585546,11.713323565911393,1.3485531063640965,0.9654899378433839,0.16883114922543624,1.317541018128395
0.9001122912563451,0.6673636659815012,38.042223773659586,1.5634147102822396,0.9149504111751458,0.22973213689312702,1.317427083849907
1.4187709295909194,0.7522273856662176,11.185953971635534,1.27925077548579,0.923637803907369,0.09868555222164675,1.3172284811735153
0.8904843979212148,0.5913390140391204,37.019618811303104,1.374275584084645,0.9812584289381958,0.39624220903268137,1.316887229681015
1.2834437589998682,0.6759306050650922,35.590834362393615,1.5956122772059578,0.9444069470132452,0.42298656370473126,1.3166444301605225
0.8006178193705932,0.6803053697110244,15.24799967462706,1.0755839590498366,0.5760386810122274,0.451858063881541,1.3154789060354233
0.8171130502982495,0.31147478771304427,39.889484898313555,1.044520926883212,0.5257121559266252,0.10232133744892359,1.3132981061935425
1.0406076044227235,0.7778892077851504,35.38140911962833,1.348735975409757,0.8312508191330936,0.42832927999176656,1.3125987946987152
0.8024858150677032,0.5769192184882876,15.388878714327538,1.427388373362733,0.6319495994810312,0.007166835058070019,1.3122790455818176
0.8291092356192785,0.31894913310227674,25.473075692785418,1.4203636391208243,0.36433098121259033,0.39660337578794297,1.3120600283145905
1.347978114771546,0.34263071211439117,11.285023283598994,0.8537962202569493,0.9356210047539739,0.24533330579823037,1.3120226562023163
1.5734837328525713,0.3800428472303643,38.61314174407873,1.5646638112635465,0.8642338334801102,0.376166916057262,1.312013179063797
0.8223228594442252,0.7995391629212159,30.38225966937811,1.3201338095112818,0.8325540159897119,0.27528736644120805,1.3118453919887543
1.1433563343303312,0.7556448174987109,27.242887951135188,0.9379527753088568,0.16844268867213516,0.0028122540578446593,1.3116557896137238
0.9790217191895101,0.7667426165554914,33.336440675248305,1.4254792567778458,0.8068789515671785,0.4811041305516116,1.3112747073173523
1.4494827775866144,0.7106685221460061,39.929341702305784,0.86266910680328,0.7065577001471838,0.4386520609435766,1.311220407485962
1.0236675813597855,0.5898160487917927,33.50016624574571,1.5137727508309522,0.9686345742840936,0.3727393936588694,1.3100608140230179
1.5641414142917553,0.6653456325495792,36.979991816834094,1.5798019762296223,0.40669570341657413,0.3763060916334406,1.3095911145210266
1.5751442948531513,0.339921479642843,12.366362581731027,0.9236204228861513,0.3048556625326788,0.061526777197750564,1.3075709640979767
0.8258366223831064,0.31462192760051194,17.272616669414816,1.0630717270406846,0.47771804850804955,0.4853751704782913,1.3073330223560333
1.3668184438099775,0.3117234532340552,10.91545386897075,0.8169327407211676,0.5301117429709853,0.30322856402012166,1.30644990503788
1.1444017626972824,0.3680912009423927,17.393182982790456,0.9641268864622295,0.977010047692455,0.4515701527436295,1.3058647587895393
0.8039782204041229,0.7862189887894286,33.134270383262354,1.1131087033411764,0.5869041778702406,0.3479367363033918,1.3055940866470337
1.324731232245715,0.7756143989753346,10.911294489618951,1.4990185098798547,0.9029302817230749,0.20370394047558854,1.3048206716775894
0.8054269580210109,0.4370304970569482,38.13940018445783,1.5673043941608469,0.5097117898443201,0.09211141557252567,1.3045987337827682
1.0384474841570395,0.4137822512453827,39.63068275478882,1.5827693794680964,0.10157190499592134,0.23488143519544805,1.3039227724075317
1.5710110741703658,0.6213163079981595,35.01018144623707,0.8102770482324114,0.5587580377826147,0.4574307213509338,1.30124431848526
1.3075880575092484,0.781407492453255,17.95757217742885,0.8036743763235206,0.9950663150779586,0.17206960066424284,1.3005204647779465
1.2600821462425753,0.34055350105093596,38.955592662870075,1.3494091275598459,0.9664095333725216,0.4219308158153558,1.2974766492843628
0.8833837867046089,0.34280190408955047,39.19168077666793,1.3862553370536408,0.7352213001294817,0.4413652162723003,1.29745514690876
0.976345035590761,0.5162951631937613,36.16518227447963,1.5152670902728897,0.9398067685045706,0.37881486072267606,1.2968562692403793
1.5608964624296378,0.7373632244287778,35.879393225367096,1.2265355634814687,0.16281937799629234,0.4989529166105501,1.296774074435234
0.8898139004167592,0.6957795206089867,35.16322741004221,1.0278987027067807,0.9133496482526,0.4926851573813467,1.295762300491333
1.5597736679086927,0.3862003354825514,38.11153394758257,0.9745458616903927,0.49520187739048227,0.4759232743017126,1.2926144897937775
1.5457753223853279,0.7434824908806374,24.768908086453713,0.8511592659088577,0.8419532495645173,0.4842664516925126,1.2925500720739365
0.8540316748445496,0.3948217965660321,35.10902793156819,0.8513865268513858,0.4980487572767046,0.46390043607282405,1.2925384789705276
0.8021486251397302,0.698606086088958,20.911447476646487,1.3715797966833778,0.7641459752441457,0.47945216642194183,1.2918211221694946
1.0845085926152294,0.36054816288474845,17.31101358494147,1.267815686101789,0.9593976367647175,0.44592563326934587,1.2914783954620361
1.5570708678557346,0.6915907360522149,12.664889154891682,1.4695781399188803,0.9383902388158216,0.1040761242305087,1.291303813457489
1.5600978172480446,0.7460834099343137,22.755902393894715,1.4578995919551174,0.7691147789199836,0.4879728482745871,1.2904910892248154
1.4716284508261686,0.6294840976791433,38.868001407392235,0.8016667889775038,0.6934822502898541,0.4854334551668243,1.2900623679161072
0.9044008253665301,0.3887014957914508,34.75789222608922,1.498447964920036,0.9867738754288783,0.3577964786373721,1.2877403944730759
1.085971052559394,0.7916283121522991,35.984888978551936,0.8581985848888837,0.9867005571537785,0.17052229360578397,1.2876055091619492
1.1132209423392847,0.7925041214937247,12.45705570231807,1.4998795641735865,0.43902817593124077,0.4643478119110281,1.287109985947609
1.5128494371229135,0.7499998996033251,36.562227507055404,1.2427272763721495,0.9881234235972631,0.28162912635515874,1.2862596362829208
1.1529298673722537,0.5537955272477018,23.331162149645266,1.5818029324352598,0.9913377685012049,0.40826581374155024,1.2852967530488968
0.8826045293274819,0.7820565819443148,24.124666320892317,1.3785055180320291,0.9024944094019351,0.08091442473743142,1.2844451516866684
0.9820383180413093,0.3780359428407927,10.765360086025819,1.5323330077720483,0.6174270961556966,0.4973608745581201,1.2836296409368515
0.9920471920999111,0.612095881653628,38.88543710649681,1.5797422396973155,0.8903749279431061,0.015339053374210121,1.2835969030857086
1.0968830905174562,0.5533824186035108,39.259804447205866,1.3966424365281065,0.9967203796271814,0.006316539223676909,1.2830009460449219
0.9846970160762669,0.31817350154619906,37.41867214887942,1.539482927362176,0.8465869208827745,0.07548860194462059,1.2827073335647583
1.4420845994028602,0.3254164869530234,15.60082267183685,1.5916362242451574,0.12499209066314246,0.2702600893585281,1.2797834277153015
0.9286189831799478,0.755023447644672,38.528484543355205,1.2896567760714124,0.9226178792415046,0.2523909803074119,1.2787873446941376
1.0214158275689587,0.5356305640432067,11.036102222258586,1.47732358675857,0.12049712091443464,0.43391439955924016,1.2782547920942307
1.5844589200872568,0.5397085750111337,26.724429332321492,1.58164133076079,0.968511893747411,0.3293360175633411,1.2777113318443298
0.85444814851189,0.7600543834661377,27.83903033709392,1.5920615738431316,0.6208759020187585,0.3454769946480842,1.2775141894817352
1.5408620901840209,0.7410220218245418,32.5884467682006,1.3696975020047184,0.812691571291487,0.47598893971962,1.2768717259168625
1.5698643824732539,0.42013740701468744,16.404236027124906,1.463437979376911,0.9928444374313345,0.12271873027913169,1.2766781151294708
1.544268882834254,0.7413208615173011,10.292746846670738,1.4891330752630356,0.4499061456803267,0.0319925136885694,1.274461343884468
0.8649876701832668,0.3364027516046179,35.53784602674659,1.4129495956983802,0.13590325456720498,0.30348783811203006,1.274014800786972
0.9610775573173824,0.32321767874076435,10.534003827529817,1.4465693781866378,0.6033114134776255,0.00019238154102153073,1.273748755455017
1.5265080929899921,0.47972692499311353,37.10990720678887,0.8988407399433459,0.9184694756283085,0.4264083517119291,1.2729345858097076
0.8482829290068822,0.31305982648684527,10.79139799791167,0.9336536772003913,0.49565574669162893,0.27672334884617433,1.2725545167922974
0.9138111807237526,0.3185242383682004,27.385633066176798,1.548742097354035,0.4508441300502829,0.4546948252430444,1.2715337723493576
0.82756511110588,0.716568774778152,10.325175116516485,1.3835380167592222,0.31408781822988396,0.4513292690327451,1.271517738699913
0.811221085776533,0.3080556880763969,15.4138847938998,1.3057948629794955,0.9546351008214369,0.12606835850720532,1.2709483057260513
0.8389480777745723,0.5703184693049619,35.459448556038865,0.9297450706848897,0.5905710592574492,0.49621769722179315,1.2709449082612991
1.559300734126661,0.3286886195924174,20.037133110787284,1.5164259985733504,0.665604946780599,0.07730497105474324,1.2699131220579147
1.4403139528253244,0.5903959138344796,38.99593366919151,0.8905243935750631,0.9741864718749512,0.34529693166608627,1.269850805401802
1.1577962385994525,0.7127805351367369,38.774343899967434,0.8194907399747257,0.26076690143633713,0.4929046944312661,1.2694417387247086
1.2226910869558418,0.5552271563779503,23.785054531387637,1.5681237393817,0.9061786129548782,0.48071952500037096,1.2684447914361954
0.8158257246953899,0.4095194141610118,32.234283391418046,1.1817642800553363,0.38504509694755873,0.487817959401806,1.2679329365491867
1.4875465760226207,0.657008937537204,28.037746961039858,1.515478795270874,0.9819531180821874,0.3922781942367066,1.2676382809877396
1.2890400546238594,0.33705473788808493,10.541043059739165,1.5881885094653576,0.4614274980214662,0.2875488084391846,1.2674086838960648
0.8232249468442538,0.7743213162522724,29.267740898628166,1.44047690470025,0.7684219982473751,0.1398721393465023,1.2671091109514236
1.204864494519252,0.3343093794676005,22.29454616693944,1.4737575249184836,0.813404994506058,0.4889079976068908,1.2660875916481018
0.9861561996446198,0.7984382233112581,12.726112439947668,1.0851760250220501,0.1698258430078638,0.4949424078191266,1.2655299305915833
1.495450223438873,0.6669228405328298,10.351122979426268,0.8060060434507955,0.2700383122844634,0.0678611919309974,1.2645489126443863
1.5966972318166,0.30252679137410926,31.001794939594284,1.298176898910411,0.9016998444012291,0.16122142882714222,1.2635391652584076
1.594459436483867,0.696870007370558,36.35360853358896,1.3860877590715974,0.5382336875906828,0.24188246482026513,1.2628643065690994
1.196778941825693,0.7153982520530451,39.54930981544233,0.8504342683423258,0.9434716851394798,0.1131433169812258,1.2618507742881775
1.5741536760783874,0.3858274716739078,38.24761878872142,1.0430655555089698,0.4753068478721356,0.4651288943992106,1.26153564453125
1.2750618121389512,0.32380687382257517,15.03635527891755,0.9189357198666743,0.1045645427513157,0.3778882940673484,1.2612208425998688
0.8752562314456618,0.6586078043644711,14.976748338169617,1.5180715925026285,0.5833696801344058,0.49885065518230304,1.260040357708931
1.0864912226866057,0.7465367403395468,34.81075917261333,1.271810383969349,0.856994659638364,0.4687853820032051,1.2582662552595139
1.5030519878889337,0.32015980129344096,31.26560409377565,1.1913550324412678,0.99967700517137,0.026162424914411973,1.2580990344285965
1.144233653234125,0.35211010117773334,17.04180398397986,1.5584573935001496,0.6544165903317709,0.46090738047738294,1.2574300915002823
0.8252319254620037,0.6153798003777999,33.82225368374861,0.854085085905162,0.2822942074627588,0.016686226604796524,1.2571699619293213
1.571434286672834,0.304874605921369,37.355844698278304,1.0910594915820913,0.7059764440250554,0.20633397891745472,1.2570644617080688
0.8582956966685945,0.7635982136683813,18.507312869838948,1.5861817395948752,0.6771266704635303,0.1730226561583768,1.2570498138666153
1.4015554128343872,0.7205611947826246,13.984514925490693,1.554738849523392,0.9359347464972203,0.4124298989472914,1.2562824338674545
0.8236697306956305,0.30754607004359874,36.12565023523055,0.9655346317306348,0.3818850671070021,0.04357177845092564,1.2555745840072632
1.4797570328273453,0.6781793278962043,24.786972117484567,0.8644639665745875,0.9824751543320505,0.484875632436968,1.2548989951610565
1.590903123737542,0.5542830253523554,36.310798697844064,1.3288219266419479,0.6442459505769368,0.46668839000986,1.2543399333953857
1.576698044402815,0.6239068103271526,10.74441214008699,1.5612088942303586,0.17398014144328827,0.41456620958944096,1.2538004964590073
0.8982658976906903,0.771669274676432,16.941923673460014,1.1789846982228194,0.8984153504190477,0.021262624799355843,1.253788098692894
1.2638293695823173,0.3196170852054213,36.08619430216261,1.5023615762684661,0.33679891740768586,0.49274130273934713,1.2537703663110733
1.2034216986097643,0.7818076534566204,32.47146715817366,1.3950786910049189,0.882132166656203,0.44463086122951756,1.2536184936761856
1.4827005751150206,0.7715301943440522,12.751732523709283,1.475205339482826,0.8284125935541828,0.07625293542125033,1.2530442476272583
0.8018186707223193,0.7151914892988271,32.014367930504754,1.1572603854927206,0.6894293634388797,0.029616045544779798,1.2522056102752686
1.520529971297452,0.32416462714316624,10.85678787207718,1.4135714443786391,0.11834813416963129,0.06402572145791637,1.2517524510622025
0.8690628190889274,0.3170968649367781,19.304713023937392,1.257358687883635,0.9450653250660014,0.4882063611521773,1.2516114115715027
1.0081985751276201,0.799747851649514,33.99579179512662,0.8295754871906171,0.9191137316056848,0.10590763071906906,1.251065507531166
0.9292423335505356,0.3073710199804086,10.639733105870395,1.5899488981956655,0.8095158214005858,0.3040551696658013,1.2508596181869507
0.8049642387053901,0.5481135902472832,25.6774453831338,1.3593470280126025,0.9740179172878107,0.18868964493836282,1.250130534172058
1.5560649526747667,0.4046538115030995,38.90794433119868,0.8835056863748549,0.5831479469257251,0.35406068940630264,1.2499635815620422
0.9465148269929562,0.32428894213417103,35.174210141479705,1.5716814922715645,0.6706483513157679,0.4110414606581814,1.2474491596221924
0.8466681296967074,0.3654458805718574,27.306352691973267,1.507236728223076,0.9501630634827591,0.4458009109155239,1.2467389106750488
1.0353559084925392,0.6689502678125316,38.782020750203756,1.3408617113126025,0.7879022365504486,0.48149982273423536,1.2465305253863335
0.9821494525955725,0.3432189140660817,19.719562861216822,1.0367459512186254,0.9165227323235913,0.49221115417227573,1.2464529126882553
0.8286281199850937,0.5991581223561273,31.387536050136617,1.5391954212024164,0.8910287776888642,0.24439801233057723,1.2463814318180084
1.3499799565935404,0.3270519208199933,10.651698055770922,0.8588866745502756,0.5318320846706599,0.09874574278037955,1.2442459017038345
1.1933303409748977,0.47460231037384676,16.34281316848144,1.487850948170401,0.8709983676226913,0.47532421434451283,1.244050994515419
0.956605016324992,0.3584313744654746,24.487640321708163,1.556255987434691,0.17238852370180102,0.47753163469492027,1.2435192465782166
0.946151373720721,0.35558313794065954,37.8467820211627,1.002592369508394,0.9492458668600628,0.43474046113804177,1.2433114126324654
1.3012541962155093,0.3000973264200688,37.06983629934131,1.4865478067249658,0.1544170042722064,0.31550430534335794,1.2429064512252808
1.2399777349329506,0.7876552722279123,35.449517518098915,0.8858533567581686,0.13055960073511352,0.11149407779598514,1.242870420217514
0.9146587006270863,0.706059804513447,12.126011007114931,0.9150107312695527,0.9954623075945391,0.323068880996014,1.2425421327352524
1.3213153024102056,0.4460631000322467,39.74113764932757,0.8380130050827164,0.9292341295400074,0.4984370153007679,1.242392048239708
1.5957222699243272,0.6240389384159182,14.510366867769966,0.9673414107095308,0.9060463079214306,0.42706720647920127,1.242324948310852
0.9329155341261288,0.7630441955217899,10.805967414440453,1.3056666971268023,0.8708640520972384,0.4863905904252146,1.242019034922123
1.5312332617170457,0.5204238044248283,37.561183670089704,1.5004459435535893,0.8861037977306563,0.4789069339898977,1.2417114526033401
1.5569976148894193,0.38898819883344216,39.12255823548798,1.0686975839264317,0.3446380601591709,0.4637668536567754,1.241151511669159
1.3383245114058127,0.3010971176520153,29.246057237095382,1.5133053680519866,0.8920877521252618,0.49148633449904594,1.241034060716629
1.1594323685262091,0.7972803625043021,11.181065063116264,1.4950537794783496,0.20240477716790928,0.09122379321872259,1.2407026439905167
1.5889086986014789,0.3437549816939381,26.974326332562583,1.4089956828861052,0.31675542290826075,0.001100691810912666,1.2400999963283539
1.0717818601298739,0.4738263768904796,36.98356776973759,1.5341302916215127,0.5096329851415692,0.4997011864173871,1.239853411912918
0.8120941516799169,0.7769203278043935,16.9258906039876,1.5005017713313702,0.1710980748051567,0.05188272677599756,1.2395795732736588
0.809327770399504,0.786955585454173,25.22541196627021,1.507690304988147,0.5305689685839234,0.2951617687114823,1.2381398975849152
1.3663227178324555,0.3021964503657468,13.866079697997014,1.3754049886881181,0.9588601210609413,0.26341737583749275,1.2380303889513016
0.8205902002997685,0.3494050609812147,25.01076045570398,0.8704112774107042,0.9755522944419801,0.1776657527886461,1.237486094236374
0.8618560451800749,0.30626945029533514,30.59180734702358,1.4311171740685846,0.21694524839029727,0.32775185882061086,1.2355536371469498
1.4287482889629328,0.7968898705994143,28.590354973560185,1.263519048537831,0.9477208029057077,0.45498413904237495,1.235090784728527
0.8634082596234736,0.7419426667651392,17.94983450200617,0.9413187769591495,0.124714913958513,0.06946770094366105,1.2350440621376038
0.8535116779559682,0.43965108570035427,27.361912989084765,1.5483155888545654,0.8215107675258188,0.0005249427456413091,1.2341331243515015
1.3846331777221592,0.792086132634471,16.67896350209096,1.5785896753321829,0.8297492879573705,0.350900711845561,1.2338860929012299
0.8521126578848133,0.5796824456656029,10.079987210054016,1.599348560504268,0.25176380202938264,0.05237499924888083,1.233456164598465
0.8321271994521104,0.6210972285892308,10.979408422346738,1.2788442756810308,0.6120414288229186,0.4401950376241951,1.2332303375005722
1.3289418291591841,0.3335593295084412,12.044544908891789,1.1359374967580114,0.16697084206766089,0.4216209206841836,1.2323544323444366
0.9814743625850326,0.7997975036227378,39.300843631070556,0.9848768740315834,0.34792045855530906,0.42237757733723247,1.2322169542312622
1.4951804320854616,0.34549239011146576,38.004606499510004,0.8444919608688871,0.8335976367357335,0.3518095997757119,1.232047975063324
1.1446809021876567,0.3262950500642152,36.277950185245786,1.523807110543317,0.2734283249584256,0.0024281643742887675,1.2310529798269272
1.0946394907923183,0.3228469243786263,39.57514431925976,1.5444129628940633,0.6776001702282307,0.026649805092695177,1.2298633754253387
0.8034157056889165,0.7339541411241359,14.465520241377652,1.1635551201208267,0.6218433660181033,0.3337556859013462,1.2287112027406693
1.0509062426639721,0.4323885994386034,13.204754125721166,1.419688748283006,0.9691654905665776,0.42613809654229445,1.2275965213775635
1.101546718675254,0.6024302614115331,14.56577308113719,1.5843926945192242,0.9979753732096609,0.04706472841914615,1.2272000312805176
1.2568895153268356,0.700065011754397,33.797615077008,1.5114717850829864,0.8565331635384376,0.4970643632238227,1.227048397064209
0.8152417864871547,0.33394843321997286,10.955108542231036,1.3689495733470767,0.6309406422982052,0.20529822421815774,1.2268814742565155
1.3325813751553515,0.7747854668966507,36.698812610843135,0.8996726878588354,0.1177859963786089,0.07668572294941907,1.2266462296247482
0.8384793713820278,0.5814976075954805,26.392670411693995,0.8806629499488271,0.8582168470720793,0.49770060922561027,1.2258366271853447
0.9754059203279482,0.3243093990804941,34.11709143999738,1.5918204855088618,0.197273204352275,0.017088523603340768,1.225672036409378
1.4689721722939317,0.7822854454487236,34.54331782339004,0.8573803368749958,0.5058812826256749,0.49073231127047773,1.2255216240882874
1.5639338166914931,0.40209932674383514,38.45394009105398,1.0146662181285,0.9401685624454503,0.16606586268698778,1.225472941994667
0.8149339305161654,0.36614780824467863,26.627633779638,1.431696135606987,0.577743087860631,0.029875546750509983,1.2244917750358582
1.4384182290711414,0.6846326025204403,28.40790037255425,0.8720214482340715,0.965174373813974,0.0010937072274126718,1.2244523763656616
0.9665463854424566,0.6216491698537054,32.29918583894455,0.8063414107556959,0.9996122278578856,0.25557708233037335,1.2243639826774597
1.5572264908417384,0.6300880139229293,29.069342514561335,1.586312698535452,0.5330666537457666,0.49487585324216815,1.223070740699768
1.5874374763617682,0.3640190881885653,29.543860238600097,1.493540702389194,0.157037274430951,0.243523464881751,1.2228789925575256
1.462604775213694,0.7707612189940818,30.13115301855916,1.4980042017954163,0.6409845330760359,0.4817877995302724,1.222851276397705
1.0885387920063716,0.6332953721951122,35.876273268432925,1.5103791576899455,0.8610557784967482,0.3980716234897456,1.22210593521595
1.1866050131428336,0.7442814314919586,39.0831865304244,1.5231244243698658,0.8601273104428524,0.2981102180210572,1.221579909324646
1.5776670877674237,0.49632864678336397,36.34457853228153,0.8971677166817024,0.4145312930802937,0.012473584136072406,1.2208901047706604
0.9742830666660796,0.7400641080072011,22.588493359090155,1.5731855892206532,0.9440928783277516,0.2982493043164052,1.218826025724411
0.9758413614874655,0.33035349064177244,31.85547700436476,0.9837455444751574,0.26830803199080255,0.48950267608237225,1.2187970578670502
0.8797255648124482,0.447990813676382,31.6577614710349,1.562152173527018,0.6268901222166626,0.46751821409701105,1.218780443072319
1.1963004976265736,0.3110024000722979,17.49776473092853,1.5838586016527108,0.7637771007090343,0.36160913354702573,1.2185916602611542
0.859394390098919,0.34998404760454177,21.61778587782393,1.5888287850186047,0.9514856220207168,0.2841682151486222,1.2185812890529633
0.8259277315131663,0.3778118582604866,32.968332960544984,0.8737546876719559,0.3548098507383973,0.014347498923707269,1.2185170650482178
0.8775616565528644,0.7650264241701752,19.49989946089018,1.484201131629492,0.6540292658996126,0.48162400972769653,1.2184226363897324
1.162107491548196,0.6559898380466731,11.726309734637267,1.3558872133687219,0.7503586285059857,0.4913503628907398,1.2170833125710487
0.8656701342788764,0.6837466581103526,33.630997713094004,0.8492252077081199,0.9036106570360287,0.26526299801012626,1.2170752435922623
1.0034107838578161,0.7643935208254007,28.38405779120206,1.4777044651527684,0.9793382336104587,0.09245481731110809,1.216841384768486
1.2094046172846973,0.7882501441282495,16.596760237884418,0.9595987659126781,0.20681286803816312,0.00563063181578977,1.216618224978447
0.8270654794611166,0.7722188682028805,14.904438709115368,1.3545295873680465,0.8227972072393268,0.21593726336640465,1.216565102338791
1.5101323222996275,0.7444244043455717,35.28771861477763,1.3553636472801713,0.7509461718567136,0.46188085845064025,1.2161056995391846
0.876019922957818,0.7880739955428677,19.80898702491536,1.1338752882268976,0.18783628771829372,0.0057136968100715705,1.215933233499527
1.406527145751128,0.7570789411160446,20.22096237301097,1.3656880608320439,0.9475794716400515,0.48216480675038836,1.2157300561666489
1.002581899567577,0.7327980214897274,35.664321109955054,1.5848265630166103,0.47729120233245836,0.486342637544081,1.2156680226325989
0.9002856611578219,0.7603401130863758,32.083673209675034,1.395671182120553,0.8924758838570873,0.4326449694055995,1.2144765257835388
1.0436108086191267,0.3287669460781456,37.26234032250889,0.8046066610875056,0.15642357448820676,0.3868505026830057,1.2135620713233948
1.0941846521452254,0.6191463330215943,36.72795205106087,1.54869194651803,0.7507479094448173,0.4437279643323683,1.2127034962177277
1.027082494202047,0.7902296082270263,11.084626914124092,1.1562272392225503,0.8185316610068027,0.00679470212479045,1.2125863283872604
0.8164561526155156,0.6267953203038128,17.59821825475808,1.1504577937096072,0.5787125086307818,0.4998111974147163,1.2121169567108154
0.8400977558148839,0.7597462738676541,12.793591117987527,1.0074270067205398,0.1294936934455363,0.42343411423192645,1.2117795944213867
0.8407131947232314,0.38245917132494855,29.16184008739012,1.5505385294239182,0.8138533778779256,0.06920095726918352,1.2114991694688797
1.0709892870062738,0.30398656417913406,37.21968867494145,1.2616306329018039,0.7144276018418351,0.4558403631808432,1.211410105228424
0.8018536744252246,0.7818537930336145,25.394201793218237,1.1956332087591612,0.7338283090102622,0.3835090929408716,1.211127296090126
0.8205236706576127,0.7987987669047694,24.22335066996911,1.3717658554620997,0.16649222843118275,0.060972415198508635,1.2104843258857727
1.530127966901511,0.3392565037583017,14.326343424166144,1.2833383322778504,0.9733840403521087,0.39386610226021607,1.2103303372859955
0.8041031924587512,0.7453393699340101,20.440006730183363,1.3227579013968183,0.6593439473306103,0.042497062991796966,1.2094661444425583
1.5686498878637773,0.7002477549701864,27.97521269380527,1.4875624819061914,0.7236862991009249,0.4661118934107453,1.2089997977018356
0.911748353848243,0.6790568873407353,38.068492187892296,1.423933659103159,0.9260696059385616,0.3614408747635074,1.2088242694735527
1.3194806297704833,0.30602716175750433,32.188600151395924,0.9134706270110796,0.10021330924776085,0.4026197629077479,1.2076691538095474
1.5165802041194467,0.7919379188865503,37.387486166589255,0.9349095915870075,0.4792624634949828,0.26128769408801183,1.2070979177951813
1.346812881609043,0.6027904579527353,12.193866703943295,0.8761715401151672,0.9845635025159555,0.13654648378657083,1.2066863924264908
0.8228038392930909,0.6176533895272831,39.484049128967996,0.9392135892281358,0.5082151487675817,0.404457720859457,1.2047719657421112
1.0749754375122484,0.7973899758530868,21.886623915432725,1.5550259357590626,0.8787293387112038,0.09698808167782343,1.2046405971050262
1.0536886606961364,0.32645771800722245,36.48038133455704,1.0247879171573928,0.859474923393182,0.4711320340419781,1.2037510722875595
1.1797832420031722,0.40512252365124296,13.001946632660363,1.152005536742192,0.13734628677678756,0.4990032604766008,1.2033526301383972
1.3252572799858933,0.7988734520858665,28.210712096704363,1.4481675550063127,0.8236493854167397,0.4476438414253314,1.2029339969158173
0.9224644920949089,0.3052971578020821,26.379083526175975,0.9442929630127226,0.6205420275783683,0.4915866919547818,1.2024757862091064
1.016837927075482,0.43337708769754585,25.2399527470294,1.5078706592570619,0.838410097303046,0.47846249436932714,1.2012635692954063
1.1084662615071832,0.469323092397631,20.984951898871707,1.4836339942776477,0.9039610081738015,0.46564042370132175,1.1999345570802689
1.5775972805198728,0.6229528242011075,12.238643590894934,1.1806626232328106,0.8202253554599435,0.4776514164770425,1.1992100179195404
1.0734951467104772,0.3001334175874885,21.8536923655331,1.4810234345323372,0.25121744341341107,0.4873021230142428,1.1983303874731064
1.2127317307223031,0.7768590549957208,39.73225990068596,0.8537178339369741,0.6357686657513979,0.4612287257623205,1.1982508450746536
0.9318662863873572,0.4939811383408553,13.400728860060823,0.8379515273860207,0.9652908116224862,0.41176061895828187,1.1982309073209763
0.8151627965374141,0.4877811934861902,39.435711594762495,0.9523083828063384,0.9416607771562951,0.08057655318746622,1.1979502886533737
0.8610763258861633,0.4947709089759458,31.15301143358059,0.8436679913827582,0.9519668587670634,0.029735214303086923,1.1977288126945496
1.1083312990368572,0.7510357696887995,37.31780661339596,1.4366326021753941,0.8914523335887242,0.33719966229201664,1.197255700826645
1.0993883907855904,0.7122120940232608,36.78640270891901,1.5379627257846122,0.8237370471266864,0.34812427886656316,1.1963958889245987
0.8333269269480973,0.7001522003742439,22.178091480906687,0.8179932448598565,0.13620280734974977,0.45734482145516786,1.1959792971611023
1.2665910661425213,0.7765214880839582,10.583047411575805,1.5355593909065406,0.587539713447925,0.34962606437895344,1.1959683448076248
0.8185972130607283,0.6003994336437182,37.55586620175424,0.980341107563558,0.8449894656412785,0.33132636125948095,1.194381982088089
1.5351487384214588,0.7113159890862524,18.27385664837044,0.8430915460723734,0.9902067109338486,0.35826219455057035,1.1939527094364166
0.8171591912620094,0.6231094173390758,30.059721043831612,0.8792103900797323,0.9214198835490462,0.26511219338432146,1.1934887766838074
0.8990663808874949,0.761290628701542,38.78963642708103,1.4454372878453747,0.14573560624218906,0.35510193285276376,1.1930451318621635
0.8296607635767768,0.3436907900089868,13.969345803784405,1.5881434499870637,0.27760132132556004,0.24836502346509928,1.192376732826233
1.006482398005194,0.7375007753756224,11.408041226494522,1.2830865509259393,0.9962716052530903,0.08295906319323841,1.192317619919777
1.0020068341708641,0.6657738084371043,39.459700383887096,1.5855570773374783,0.5929678086902833,0.41834153034796107,1.1920794397592545
1.5251553465032384,0.6461106034661939,39.203507259892405,1.0455932261434007,0.7591502537975214,0.46212798940640587,1.1920537203550339
1.551788727665818,0.5443647945407828,28.15936340861566,0.8246214506837665,0.7426682543638041,0.005753818565221312,1.1919111609458923
1.5911248383507353,0.6329391581817077,37.390033853587035,1.1759681733107814,0.10349954968433057,0.16896744804081165,1.191291555762291
1.548892996035478,0.4820595516002001,38.07383414479984,1.4631366966908208,0.8338640333738377,0.08143886976253574,1.1907348483800888
1.4630549858549,0.47625442618484115,19.13369168093668,1.5636350210820478,0.9220879901082529,0.4728247270073904,1.1906587332487106
0.8001398114309872,0.44409492361889363,20.2155692776916,0.8640047380197047,0.15515791792889785,0.04819765969396678,1.1905859410762787
0.9586142154065882,0.7585356399017975,16.11398282255882,0.9108807095067231,0.9485764390337863,0.05817935328649544,1.1904189437627792
1.403265650768821,0.30021560644025364,39.61467759846248,1.3508383219127413,0.18615239448769844,0.33550132322618476,1.19017893075943
1.17078206543575,0.4352528912993978,10.072969376653845,1.5961868322823345,0.17187966670342866,0.18172215622558732,1.1899908035993576
0.8983635365101126,0.6424933564700935,12.072621030286047,0.8145564516522925,0.9637907967322698,0.1871183159070842,1.189056247472763
1.3175839384372228,0.3190062803069655,11.25913236442779,0.8725991347179631,0.7122440722793402,0.3744517867687185,1.1885265409946442
0.9081698462105381,0.6845839466706534,20.128427816152616,1.542180990883633,0.901310848171965,0.058481791267620216,1.1883870214223862
0.9272540415939429,0.762929917641713,37.57796284299043,0.8539069364061893,0.2012337566161276,0.41829862928509426,1.18838369846344
1.5190084309826295,0.5253153166581885,36.123447686533865,1.5847778837479862,0.9200436688227988,0.11461985294248168,1.1863631755113602
0.9211880590096858,0.34551215953947356,29.237247239425717,1.4892498133349,0.8791530155914816,0.018338045481891645,1.1854833364486694
0.8267569685829422,0.7797584678595249,11.656838400191704,1.0535096934482202,0.5259309352508087,0.4305747371447016,1.1854642927646637
0.8080523874376347,0.6933354195106283,37.10659683116314,1.379281115830902,0.587088632457357,0.06689320040582691,1.1850356608629227
0.9128126001496566,0.7929183491455075,21.01058671113093,1.022256156494868,0.9395189137799035,0.4619926329881355,1.18485327064991
0.9358542800214125,0.3518197095844915,35.76024386999397,1.4418501495012455,0.9345555265177907,0.41353122009693455,1.1840942651033401
1.5058914751471084,0.7826666100094055,37.02194183179844,1.3457497636163063,0.6503651163083033,0.3040376719815767,1.1840411275625229
0.819083059721837,0.6556137676534974,38.576174323694154,1.0723397304225384,0.22853669213949077,0.02249588959434302,1.1839298158884048
1.4367115155651948,0.7330524898747928,16.049374771973586,1.4338260241175453,0.8735283936549985,0.4900933064437012,1.183573916554451
1.508138801403106,0.6054661173729001,38.521308521488514,1.5576610154957562,0.6813107889279669,0.1549852932358848,1.1828920990228653
0.8396174259038814,0.5553409405336098,34.436987489159804,1.5995936839082212,0.8354583400139484,0.3026973063991977,1.1824200451374054
1.3173147112533679,0.7985570675096517,10.004049620111369,1.0164704563737559,0.3851275706096955,0.456198061703661,1.180861383676529
0.8735286271424133,0.3226534232236882,32.07287691601312,1.168501388645502,0.15708908692674295,0.40620605160203965,1.1797987967729568
1.5906787603155625,0.6625345219393219,26.244345133176985,1.5510607665596425,0.7308035184734684,0.376120697587695,1.1797879338264465
1.3333823099972388,0.3842985423886343,36.22085975624778,1.4251464284895452,0.1138615826334867,0.4281884085172611,1.1797241121530533
0.8412198414809341,0.30350521264800523,28.23205352065173,1.3258475576625053,0.2668345082792403,0.07982376212519814,1.1796351075172424
0.8114011667893076,0.5683104700958181,12.639809657107065,1.0269027684081957,0.8838447597773476,0.01983237326789095,1.1785066425800323
1.1357046494585987,0.6783214219696285,10.26975566221167,1.485213179990828,0.8282976572190348,0.3684500794116291,1.1771985217928886
0.9491345145360294,0.7735345787229841,23.076161157853285,1.3328604000617568,0.9984789235990976,0.17341843933770737,1.1770904660224915
1.0618048062955228,0.6671834457305608,37.25741220492445,0.8816298740499439,0.9857188885009199,0.3598294688274883,1.1761910915374756
0.8372734518675365,0.6116156913081587,11.207555505387477,1.5529699787248252,0.9504243238927612,0.4129413633518713,1.1750958561897278
1.5793031702194358,0.763144518652993,25.872992732030518,1.2392998240493531,0.9530539055333812,0.3206691357800469,1.1750636398792267
0.9241686160147733,0.37199088029422783,37.50986159049696,1.5824613629385587,0.5275877683745939,0.4200937099075504,1.1750353872776031
1.0924938140996374,0.7495093123294527,39.25621054725115,0.8769464289056469,0.43136558460974705,0.49630735018877387,1.1745284795761108
0.8409637620867332,0.7364406486394561,36.26449130929258,0.9409212575595802,0.7333027225006749,0.42887751345342884,1.1740377396345139
1.4717765441792032,0.7849082471248234,28.553951027754874,0.9070622645373279,0.7728879284318848,0.006098636851764944,1.1730885952711105
0.8017106955750387,0.5751154822611997,23.29141988932426,1.4940826704526808,0.63739447219547,0.35290154772579524,1.172886312007904
0.8433433903012341,0.6930316869707627,27.669599553147435,1.5891974242214564,0.6149280680787614,0.36060272971369023,1.1719090938568115
1.5136831236662893,0.3821931179071224,37.3729177893929,1.172305845626151,0.9705940066909505,0.47300919739901953,1.1717484593391418
0.9283080728551707,0.4836070137578202,33.62449864481475,0.9537515393826321,0.14126149137261562,0.4917452454644025,1.17157182097435
1.366410890972686,0.3708454585230235,29.949458190313205,0.8613310380539348,0.9899901271420514,0.33023972742411495,1.1708685755729675
1.5371883003901794,0.37056252193770933,39.51554594881314,0.9897547954780171,0.8890249522463322,0.2678851025358787,1.1704973578453064
1.4907426660480403,0.3116327133576631,35.18555423527117,0.8166632128657698,0.424757879726252,0.36318794925917786,1.1694318801164627
1.5868325444104308,0.5793787269205095,37.53195389581143,1.1597987297858454,0.9359040572692408,0.3977309179542057,1.1691287010908127
0.820796685524769,0.5188440061844498,13.336935780630148,1.59400995274793,0.6515015579080181,0.17669105011532296,1.1678184643387794
1.5212759015542572,0.405685028585832,37.35789177996233,0.9383743217033811,0.9064191738160746,0.4199077218126443,1.167459413409233
1.047018095107409,0.7903356341696387,33.34330540169685,1.5063955073802646,0.11899012029402592,0.48094399029700197,1.16729374229908
1.1658100424396882,0.3125952632079222,10.847338369429432,0.8117072107774851,0.7654747343490084,0.24627441824993812,1.167106956243515
1.391276011179861,0.5958231943077028,10.31704637962967,0.9960699764240424,0.5022959446644247,0.00414863941154292,1.1668777614831924
1.5891037589092343,0.49255742975924377,13.253961346178498,1.536015302465163,0.7988987904217714,0.08165058188458241,1.1663969233632088
1.1681509559399248,0.5636629238290471,26.082152229720943,1.5469836684594647,0.952822782705361,0.44383848265474735,1.165766328573227
0.8490821348013637,0.35665172607726386,22.25713347172616,0.8553164535986026,0.8400677757066605,0.42477141219262177,1.1640503257513046
1.3630308066039722,0.3371560277168567,22.153368248306172,0.8240425602258014,0.9679244169330856,0.3888174467038414,1.1629935279488564
1.5235318702144718,0.40136801029147173,37.81419154595522,0.9305951958581986,0.940690640066806,0.31100251442854937,1.1624478250741959
1.5719260578797773,0.3350538712349568,26.193089737113308,1.0182442959162188,0.1663836373403053,0.43217578557546565,1.1621801555156708
0.8239950894383771,0.47480450875738034,28.656728242905785,1.5456844117084378,0.5630547023499761,0.39925166115932836,1.1621491014957428
1.1285940799654566,0.3331818228806699,20.783472716002628,1.1618584009933843,0.9987063382393739,0.36421954038503646,1.1619668751955032
0.8208035393600231,0.5354589855760049,39.165217882845205,1.4326437631962503,0.6905632706594959,0.13398958106119027,1.161955788731575
0.9696114686611632,0.7917856662857568,36.46187548973401,0.9275565798309497,0.8146841007822221,0.35258894210583486,1.1602283418178558
1.5830277565451631,0.6874199316099452,22.315647761655917,0.851694952082337,0.5374351551205705,0.49656288350437844,1.1596065908670425
1.4493545962159746,0.5374819853540465,38.85937273166556,0.9519088863268856,0.9622199770682339,0.38579064915770134,1.1592469811439514
0.8756666080896067,0.35296200906230507,15.689507235796249,0.8239832684113717,0.6492039840151143,0.0017077748553838898,1.1585225611925125
0.9400246321019812,0.7082834061157338,26.820917078446882,0.8193315282842973,0.9833341119012142,0.3325787236740041,1.1576102524995804
1.0883804248124918,0.7626341821203177,35.20140195803586,1.2250297574603517,0.10649601429725672,0.10685568537534218,1.1570734232664108
0.9630397187602417,0.43197624497266085,37.361749574220134,1.4506349707237414,0.8373266221425298,0.42987343492566754,1.1568294167518616
0.9845680943738857,0.38421488545062643,39.46250406392891,1.2184144368142875,0.6091784422758707,0.4916448559189077,1.1565685123205185
1.5965673314352327,0.7039088999123995,15.293746251100625,1.4585676879184883,0.11422961379749133,0.3784323444368735,1.156518965959549
0.9607210712609975,0.7753236570775786,30.735506636276202,0.9564395038254133,0.9561033628999945,0.323811127749999,1.155906617641449
1.2103905738461314,0.30521764376427263,19.491190715902256,1.2624303566872075,0.13817030744067532,0.4410913489259013,1.1555956900119781
0.8593470860770375,0.6466397970624681,37.20871726687273,1.5751304309076795,0.8418459502046048,0.3180627332884978,1.1555160582065582
0.8644471461496843,0.7759437101856985,33.5524935247373,1.4339343349524354,0.11034561803772988,0.38532351972338746,1.1547254920005798
0.9678512584690234,0.5870268470190989,38.46831123399522,1.3458411597816928,0.9858843646391195,0.0007955828788517116,1.1541876792907715
1.524269325985046,0.4139735623291508,32.97999586597099,1.54523175938664,0.7399127628077241,0.012706823797304095,1.1537990272045135
1.4953988562881815,0.7320474791044002,12.154590779175043,0.8534259115458938,0.9077355475884745,0.41732675798444124,1.1536843031644821
1.5864417707153657,0.42333243671947807,33.81406102660986,1.3379260572696614,0.7797631287000152,0.0846233118845482,1.1534670889377594
1.0163817316823454,0.603549439765324,30.090407679784654,0.8037691877541949,0.9951854664301149,0.38109053015765676,1.15311149507761
1.2126993815546,0.6201242532131152,10.43864949935253,1.4247560921788158,0.7540892436286066,0.45176161313771807,1.152633473277092
1.505303039100153,0.7057806313649846,36.51222129649598,0.8249438176777858,0.7842062628021165,0.038274481558503465,1.152327686548233
1.285734756982142,0.44531550725736446,34.725035475323224,1.5818770558294923,0.18487757920052855,0.4788999777948022,1.1522331088781357
0.9117904868929382,0.3765504148989705,32.62642025241318,1.567816510283163,0.6957390740203382,0.4494359638852261,1.1517987996339798
1.589890445563925,0.6839319716102281,37.868066403581466,1.2463072778390405,0.37953642836596657,0.350969333452827,1.1514439135789871
1.0486594845063901,0.30074038792754376,15.607398888044408,1.3929989998696284,0.1506153231540064,0.38590664330764285,1.1510586440563202
0.9862920423722775,0.7743951168011922,37.21503369803502,1.368170679119411,0.7310786150439451,0.45634129900093756,1.1508642882108688
0.9481777603982933,0.7736204246372792,38.95917064076706,1.0376140798346905,0.7929045238269207,0.4142664566965769,1.1502161920070648
1.0576693111289452,0.7335690662688921,31.975541765510567,1.467810040859872,0.9725143038112573,0.35741930916049414,1.1502034589648247
0.826532641797569,0.7590394171841865,24.604220482286113,1.3829061050727642,0.6998500241592596,0.42334699401074805,1.14969801902771
0.8393210665046515,0.7379333794582869,30.334231660963574,1.5242155275448628,0.6641338282443134,0.31183710410317617,1.149295836687088
1.3097834346130552,0.7843297696269942,10.226988170081187,0.8531863821898077,0.6697710888109613,0.25568099114128895,1.148794174194336
1.1793795144049999,0.3593981919242326,17.17514153500605,0.8628980576594231,0.895303751012153,0.47528730477259423,1.1482957527041435
1.5902962570733994,0.6545763133493886,10.07513873994996,1.5308176251721446,0.4682476404594079,0.37246693382786905,1.1477602124214172
1.585353120030137,0.3508051353377277,33.850012095488495,0.8312416293377127,0.6307260681794242,0.30028626041181183,1.147553876042366
1.19811118416915,0.7702742662963458,28.217223350608446,1.3678431872106858,0.7903943335293063,0.48932724890255586,1.1471613124012947
1.0146752413014661,0.3036110629175869,33.46843084906716,1.054355085166141,0.3210478977759117,0.47567241378139125,1.1463667750358582
1.4991609086469657,0.3208425739977749,39.21429056098296,1.061925911479341,0.17556865274737377,0.13707111560427712,1.145859807729721
1.5871115347899087,0.7730410745762792,25.678822489590377,1.0956328089509537,0.7580004579341297,0.46472891842971165,1.1458564698696136
1.1634513862728744,0.40176951383480775,12.611216347052412,0.8115370886607424,0.20691461259143334,0.05221208850075801,1.1454736441373825
1.5623759001195974,0.31695847059645316,20.5463211161991,1.5568305970082164,0.2516149564119212,0.023281122264567605,1.144288182258606
1.5702689642340335,0.7185356513472021,28.92496721879186,1.32259097054326,0.9659084697848428,0.3489567844292205,1.1441280543804169
1.5345148999193872,0.7413671620688602,25.208889502367104,1.4350427101266465,0.944174871899579,0.16698926627734564,1.1429352015256882
1.3341277946129324,0.579009192709113,21.790138732151863,1.576082018755287,0.9020286310022755,0.4737480591219286,1.1429136246442795
1.2153841517090127,0.36771404383017925,11.170922098155053,0.9930112531906194,0.14368856009769954,0.3633539659967018,1.1428215950727463
0.884644145795193,0.41994613155148264,39.56961962706378,1.2677255283301774,0.9880111915880384,0.2191407472665008,1.1428177058696747
1.514602748533648,0.4049590912780528,14.58970080267394,1.0456169562498687,0.9301833534686538,0.49297162299390374,1.1420419663190842
1.3422283348544384,0.7732999752882053,35.66904885246471,1.5614935252932904,0.8029079872454424,0.14430484147697353,1.1418573558330536
0.8375173087553609,0.32327615528304915,37.33738331841052,1.4187730226825648,0.9129850796643834,0.28305668773833603,1.1411945819854736
1.3326834356857407,0.7801384668043585,25.865715347373538,1.4772445293719603,0.8605199492903699,0.4394548078547695,1.1408920735120773
0.8587886080980406,0.3399555070039761,32.73406461783577,1.571073350500414,0.21015214627546966,0.13710592745523414,1.1408091336488724
1.4288021785531828,0.4156196373861952,12.493786786617058,1.2340965814615639,0.10377535609434375,0.4810995355422654,1.1406633406877518
1.4110041861148037,0.3081108470267487,39.54437548745373,1.5582880139549067,0.7482938633950869,0.37878695258895434,1.1404997408390045
1.4728785326057432,0.34686605157796724,17.882152589163034,1.4309691845334163,0.8684333924953666,0.4911242692113344,1.140323668718338
1.4138447054170322,0.3063041452057038,15.173183825063385,1.2009812212081872,0.9555960980120354,0.0350005417331522,1.140005886554718
1.1439984701390715,0.6425610025366939,37.712817030097305,1.4978724746933543,0.9958460925525441,0.06007930166262009,1.1395894885063171
1.5654531558984024,0.4831729966951592,19.96432548321875,1.5439687259957322,0.6350201521844839,0.05529883288511533,1.139537662267685
1.2580636505659115,0.7399034021112465,13.545882140476305,1.0900339942725092,0.9513611549424719,0.03491903473660707,1.1394512951374054
0.8372906151584047,0.5920398163684353,20.836392323417954,1.2123175664072479,0.9375364139553414,0.00906039292026019,1.1390335261821747
1.5888568930805302,0.7446496781391455,33.19115054791487,1.2423505538508468,0.8240956191289662,0.16251049643967583,1.1390191614627838
1.040018226683541,0.6165153083717803,11.10500523671233,0.8178708561853585,0.9839616844286484,0.4267977073876072,1.1388285607099533
0.8483798624330768,0.4521225074928071,21.089000186019668,1.5917216363546396,0.9575983424692031,0.27976343429835326,1.1383432000875473
0.9801689623739582,0.7297624891722414,35.90552578100308,0.9323204080462426,0.961640051989,0.23100923120426942,1.138326272368431
1.5583638247504463,0.798990949170481,32.97314167429231,0.8832917588068554,0.2072569384878734,0.28107577090301833,1.1380864381790161
0.8057417192695403,0.35088825841908633,23.827654715195216,1.1003331103911635,0.9858368819068494,0.3634130680640443,1.1376999616622925
1.3147536497870156,0.7817466996377407,28.556217892217948,1.4366797830832416,0.9756457995695618,0.1137718769097279,1.137697845697403
0.9617469187417176,0.7148364467921842,34.9603147787399,1.5793250908668026,0.6805828161414909,0.02010340657616516,1.1367021054029465
1.5015347333869131,0.7593528555121306,39.02566094084909,0.9889990420538388,0.2352322598775769,0.43520901282260865,1.136666014790535
1.5919602983525234,0.6079023234503629,12.121783548880058,1.182131221702362,0.4679174788239673,0.015448509456761655,1.1363849341869354
1.0887464457621574,0.7937470685583836,26.31511983322397,0.920529045852661,0.9573347329910755,0.4617920702186952,1.135985091328621
0.9182927276330741,0.369417096614709,32.94295810467855,1.5969331854309605,0.2533280924284492,0.43459941428823123,1.1359103322029114
0.8958177570852022,0.36217524933461787,10.168555156177138,0.8765151184041141,0.6037662486610987,0.42292911910594755,1.135810226202011
0.9046024591371341,0.40310175283132704,31.17843180281777,1.0024924335551748,0.9647759566020672,0.46487009154067316,1.1355469673871994
1.1116136674763786,0.6898151423173188,10.594588418518445,1.5842935423064755,0.8305801784963861,0.14070386730526532,1.1348494440317154
1.569402871523259,0.7620357624820482,34.00990180009609,0.9405443282541819,0.545724328166174,0.38083725259130263,1.1347350776195526
1.5956753261282617,0.5697475798418508,26.793697719516285,1.3915538904519882,0.9110941840065584,0.10036381792586191,1.134503647685051
1.4356141522550767,0.3332810415323774,34.514574961487504,1.1687934251871575,0.9697074879783251,0.44244607773688466,1.1342623233795166
1.4354564274823816,0.31598478955403353,36.809576649647944,0.875832667747379,0.18165872086289342,0.35444861923552,1.1340751647949219
1.5155407429699808,0.6964102595474838,34.83296125592922,1.529119176873677,0.7775364173663467,0.07468035598561834,1.1338673532009125
1.0109711023018122,0.3382749682301048,37.45377134718804,1.1574524565979591,0.9448303180652688,0.39371475254354055,1.1336452886462212
0.8323235987257059,0.7428316482921342,15.693585755433453,1.3371448870942944,0.8056704847245401,0.079135470458854,1.1333649158477783
1.198200837086776,0.35941944612496435,33.30399526534943,1.5834760749773058,0.9063945115149582,0.3968896290084449,1.1318725794553757
0.9541636203263383,0.7956450734196883,30.983935015355314,1.1858563754720426,0.9583877601804542,0.17372740145989454,1.1317055523395538
1.1135841030432951,0.7998332514139308,26.8940727535981,0.8869989521566819,0.8569852596087929,0.48663443646487586,1.1311351507902145
0.8495532193849092,0.40901784093340093,26.584399380156476,1.3283051188401394,0.9190060511935734,0.029250584650545194,1.129760980606079
1.0574387903717075,0.7953853691008349,36.798032458557,0.9359559828458061,0.15293486012420388,0.2251243623243789,1.129645675420761
1.5561896826412087,0.6536765750042162,26.882051719066112,1.5883176927944203,0.8888860662278099,0.2514822321732251,1.128604993224144
1.5594215629001527,0.39148483403522993,11.377980811138702,1.452273515701827,0.133235116711536,0.28406576418876783,1.1285620629787445
0.8118945501952874,0.6343192196332221,18.380170844201317,0.8321368951722004,0.6883599740080698,0.1833882584840248,1.1281445026397705
0.8360588340327972,0.6948310211430487,16.43615433847372,1.5561229523306033,0.5492641760601968,0.3548304725355904,1.1277248412370682
1.5471326595248265,0.30924145283397036,12.28779978402619,1.210341796237613,0.5938302765957509,0.05130738880229407,1.127151444554329
1.5461426757861643,0.61806496535575,39.90843393195932,1.404647656503744,0.5289429584449397,0.24654726409432054,1.1268935650587082
0.8442055273194362,0.4847593716418668,39.04270037828695,1.236871297050812,0.939325773614596,0.4159084823644892,1.126827448606491
1.5305270128706738,0.595468002869418,37.73653820372029,1.28973699896918,0.7458597084838008,0.49213025121492393,1.126057118177414
1.2498671719226793,0.7990036355136709,17.798013713516994,0.9252334269827558,0.9887856697317172,0.3662225709786256,1.125869669020176
0.8181449434510795,0.46430718853651043,39.979112965252895,1.1783105535372214,0.897427788293607,0.17908535746863719,1.1251501142978668
0.8303961178810082,0.3093653387399469,12.063025837676232,1.4859334638337343,0.7990406745047459,0.12146716952848885,1.1247515827417374
0.9709970500622734,0.3288761489467148,26.67406777180238,0.9670425962497895,0.7834866772681178,0.4802425760707156,1.1239313036203384
1.5795552282370544,0.718268448508942,30.637166258621455,1.5058500308717797,0.5893312558256418,0.3128949175737421,1.1239136159420013
1.10218150342048,0.713313340557027,27.26968744477952,1.5668462685591358,0.9186825479717414,0.3866637164057365,1.1235570758581161
1.0947860643045515,0.37176580863979525,26.757134815540883,0.8008589491149884,0.9148869755420798,0.4372821846301516,1.1234146803617477
0.8071313022622273,0.5981445166716166,19.03119917591186,0.8292657786023734,0.5626198084790018,0.3835797160295844,1.1232951432466507
1.5444074458088302,0.5394961131941219,38.06015622218432,1.5773108360322252,0.5351146580202166,0.1745966179767968,1.1228776425123215
0.9722488447827639,0.792268089002091,32.55040091473937,1.4729051961028352,0.6884768071841563,0.4596336229927406,1.1224427372217178
1.4618396967388165,0.696838826892636,10.067302045013587,1.5623918326374726,0.8751235945900712,0.2611826455634314,1.122434213757515
1.0017388366508895,0.5194998536950237,31.58493786836917,0.8212221144046485,0.1163773530811328,0.12971639838660523,1.1222805380821228
1.5380599927794467,0.7658390054337132,23.02884641763988,1.552888926042919,0.67704071524826,0.4523475005865069,1.1222061812877655
1.3256730259101204,0.7493472330051447,28.947564393155513,1.590394788620963,0.9690851477845186,0.30916699072596493,1.1216375678777695
0.8409263243593573,0.4132453759483359,24.772697173524946,1.5440383128971489,0.21431911633686415,0.48461952226477023,1.1209940612316132
0.8828384329439528,0.7239674202214743,10.215344437350122,1.3134213426463393,0.40717859261797373,0.4715760682857715,1.1194745898246765
0.82976240001048,0.37596925833475126,24.24071397240674,0.9305051670622411,0.47639533785502475,0.0035019665102296953,1.1194726079702377
0.8307232369632235,0.3989636759911837,32.344478572499,0.848819005041428,0.10135540476941786,0.24206481880007014,1.119442269206047
1.4555372723568547,0.39158322124851863,11.434461476974079,0.9106298946290211,0.9167239070247142,0.40925708023030694,1.1187375634908676
0.8202826004550762,0.7632483364663716,30.454897595648866,1.1397636008270564,0.8673239154871794,0.2817734311857356,1.118698388338089
1.1102053328045787,0.7352924497998191,38.92876541671824,1.0194207628656324,0.8291786563598174,0.4731097754878875,1.1186379194259644
1.5975845931463775,0.30453607022883894,24.362215270752124,1.1133249862678118,0.13787336044856618,0.1692380163716236,1.1171357110142708
1.5754410742248097,0.5059118704402198,35.27875862932376,1.5616818331013358,0.823027361968582,0.280149440519936,1.116388887166977
1.162210530966681,0.7831075182606476,10.957490723305654,1.4410508884669775,0.32515129294234035,0.37193654030424217,1.1155803501605988
1.2632725445770392,0.30910567848177417,14.806096121998035,1.3939105201142516,0.8626906091704151,0.3911572812229247,1.1155200898647308
1.5279678021996501,0.4183264392060383,20.256280398774706,1.598770565843463,0.8173634208095684,0.4917964013194193,1.1150776743888855
0.8038611148589554,0.7553234406673353,36.299928295963,1.2386969286331564,0.256921759084266,0.16448048619301575,1.1137279719114304
0.8025794095884524,0.4318524844704982,39.428455917161884,1.4956584984137202,0.3205982269056911,0.14547734602525234,1.1133855879306793
0.9755624071845326,0.30539503078077845,25.612072372164114,1.473636406810491,0.9363672084105366,0.30942871890845697,1.1130497455596924
0.9856790773966173,0.5314150164911918,36.49047719543486,1.2585036628351047,0.9797580772675497,0.35339368922179376,1.112812303006649
0.8338615487778773,0.6255634888933468,30.84913251456382,0.8216555032044924,0.4341791019029807,0.47134675559531714,1.112671434879303
0.9476909186997775,0.7088257320207951,38.02218186104819,1.566033460458658,0.7275857154429517,0.04855971826503503,1.1123429238796234
0.9030510702066684,0.7272217796475926,34.936029707949146,1.5902902707913138,0.6652549085303289,0.07210351809310772,1.1122262924909592
0.9206740423455932,0.618864023058983,14.984116463802767,1.5703499445924411,0.9978983768657391,0.18326067475383032,1.111998438835144
1.5275309738521863,0.7678814813838246,20.82032450935248,0.8666407549544806,0.7592827863020152,0.49728621986065435,1.1112321615219116
1.3485442017335911,0.3666617296525206,13.272280682744825,1.567940647104339,0.44461178596116513,0.4511818129606118,1.1104497760534286
0.8652021565087274,0.6998324758955494,20.31264076749833,1.392956302052517,0.9851389108263807,0.381601770755966,1.1103817224502563
1.080904459896314,0.7739459713401486,36.967452004194655,0.8130245083158972,0.828907675635907,0.4213569374829821,1.110147476196289
1.4905660924397124,0.7481388452504785,39.00911225767308,1.1746966900402875,0.8635082181564676,0.3431838424985341,1.109525203704834
1.408963565649956,0.6383613375844825,38.94657052210976,1.3932419919018995,0.9294683180742044,0.050362443863445176,1.1094742566347122
1.0258431169703401,0.7970467882234007,38.89692447475204,0.9238997205001229,0.6750699875899545,0.3686947632056882,1.1092111021280289
0.963349473593788,0.47917221203184046,10.172187383714473,0.8673515328458585,0.15793725276123038,0.10513793329659539,1.1086738109588623
0.84045972231443,0.33646355199476086,24.909887416248402,0.9160327145326275,0.48578778821410007,0.44420169148398436,1.1085988730192184
1.0048534144692622,0.4604632242188366,29.00311989742429,0.9084869045207686,0.9802733624346536,0.42673401520459747,1.108335092663765
0.850280032445575,0.7225702824640063,32.63680530530626,0.816984775661931,0.6431340964954411,0.42772702695212383,1.108177810907364
0.94957456625834,0.7992641086783288,19.880568075768227,0.8285083472038095,0.2442604544329947,0.48197205651963676,1.1079503297805786
1.5831038412043508,0.3229775548093259,35.29307197572249,1.0163684778971085,0.6993473237411477,0.19791742552693745,1.1076390594244003
1.3201685079755356,0.332780493224929,38.793805685274336,1.4401927943855815,0.9022887801929643,0.4638351470417776,1.107595443725586
1.1114819739950352,0.40197892882110164,25.047995945705704,0.9403624507102142,0.9965252569880689,0.39651356188437126,1.1070684865117073
0.8654858578701593,0.35347570781841187,34.029811081467116,0.823201038849657,0.4167630666674934,0.4205700462070349,1.1069400757551193
0.8689766862584605,0.45363282039154385,26.47244141309797,1.550160517488516,0.6110330543083207,0.4702275732113647,1.1067567318677902
0.8873228848554359,0.7659387375019879,32.490358272053,1.5875582180047443,0.2245588202050607,0.1095247958976458,1.1067429929971695
0.8670622952802033,0.3567081523205077,27.31041289382717,1.5281637170849043,0.8262008848125308,0.05934766296655097,1.1064501404762268
1.2757435480623927,0.4417208018978429,10.852400305156833,0.8503030953101101,0.9263715755817169,0.37743610381225273,1.1061972230672836
0.8134832067848765,0.3486234334177656,32.8699972857746,1.2192558903479176,0.3237879086951742,0.4157695108083244,1.1051321178674698
0.8176404841219536,0.3298203701638018,32.39101919000922,0.8695461471333503,0.17585247386682928,0.12353083906508582,1.105112686753273
1.3735842350495937,0.3234667510035316,10.568195630061242,0.888238810051232,0.48794464966602746,0.21125935598851628,1.1047563254833221
0.8775023243468221,0.43360505904514257,28.254840020094427,1.027950418093792,0.9499912408341026,0.49720741027361576,1.104069247841835
1.5410724300443397,0.6664117183391713,39.605583085249336,1.0305196538045167,0.5922672604099998,0.3437222287373018,1.102628692984581
1.5344065568357619,0.34177455315666494,17.38928400877151,0.8705424865528962,0.8985370017991908,0.46883388889350336,1.102398231625557
1.3900109193331691,0.5815737242859662,25.565477123702337,0.9519895623550682,0.9895774392679854,0.4996593817112851,1.1021432280540466
0.8110234033163483,0.3425816717745017,25.321135845034327,1.4212733195435743,0.8919037498300767,0.269781290361512,1.101237565279007
1.025054271934792,0.3449879627226878,37.58873610159816,1.5667581909553014,0.8141403048048846,0.1099361914139771,1.1007727235555649
0.8199633897928045,0.6681283288696134,28.794952409939366,1.438378212177133,0.6855549479537982,0.03911574209091903,1.1005025058984756
1.5919115090090323,0.34032037939855103,24.9719110289179,0.8611918162635878,0.22685515467738673,0.2748829335119941,1.0999287515878677
0.835441478209828,0.3134463265639628,35.12343786557111,1.1530437482354947,0.9145893047371542,0.4632656086520265,1.0990871340036392
1.0554222855852091,0.3074320598341651,33.10825958494837,0.9855237400917257,0.8213041621224539,0.4516929641924895,1.0986040234565735
0.8740579982210921,0.7881036674701577,35.788345918433535,0.9556358187127274,0.6732673447245667,0.4383928423869967,1.0985977202653885
0.8909220074786238,0.48721731728777834,31.67390105071039,0.8372465285497684,0.7913685880924624,0.48085785454418795,1.098513811826706
1.1296780253128484,0.3179175980156457,22.335603541866636,1.4338836806191342,0.8280153211930547,0.38976975616872767,1.097686417400837
0.8168505856497684,0.6096764929085847,25.273927187510274,1.4233557777606283,0.5770944097399151,0.46254874819034575,1.0967846438288689
1.2413253072618753,0.4695029425077909,29.142994592764442,1.066486784158743,0.9837058883910356,0.4996126617407498,1.096620887517929
0.9213641876138378,0.7040800066764269,36.92287391593298,1.4386576441423475,0.9139160953131092,0.060672877826548094,1.0966060757637024
1.511976031689044,0.5340196892276009,37.12628036431606,0.81082474749483,0.6013391741345481,0.4593784039803082,1.0964701771736145
0.8305091027914051,0.71400400955079,27.012895221802943,0.8646547286959516,0.787218394698878,0.43235368323208806,1.0961761102080345
1.5582739573771893,0.45029207422043016,36.96543355470254,0.9476099433480638,0.5800675108098468,0.4467324643406988,1.095887929201126
0.8638974172681013,0.7745659200505511,17.05699276696742,0.8118776210851367,0.8373765977791648,0.39626135400502477,1.095521740615368
0.9656335092579194,0.760502218106266,32.71918674746314,1.5426213426830182,0.1113175298687319,0.4492154063963756,1.0952810868620872
1.1885115062568872,0.4196755965766271,12.979067171360645,1.1047126447360247,0.9999663208547961,0.3269015309360136,1.0944619178771973
1.3598104233676775,0.5984311148265318,39.237041844368434,1.3491026191132036,0.9354955975474426,0.02624359478102764,1.0940884202718735
0.8780432203610231,0.6931153712772282,24.296581401216937,0.827685358491425,0.20425723990173408,0.05137215320893682,1.0938022285699844
1.5929880669313505,0.7845900583455472,23.845792085137017,1.4057477467260002,0.5656840654082316,0.35012667022442506,1.0936998128890991
0.8631277978142505,0.7577700998046172,23.223432897787784,1.564961642661913,0.4497418472327096,0.027104852445769607,1.0936387777328491
0.9493111369154457,0.7856272922813479,15.799043678257778,1.5722632143780415,0.728922670147812,0.062413632655859023,1.093494102358818
1.0028287395787001,0.3016829208318757,15.994220285772947,0.8414113887174606,0.1558539154654766,0.19859702214919064,1.0930137038230896
1.5611248367463393,0.7384864075359574,27.35752103598997,0.8293882303210207,0.7987401440319645,0.4255741002932354,1.0930106192827225
1.1413722507179453,0.4096526587138427,11.752168699994664,1.3472833388098882,0.14695391917725148,0.3970724812517066,1.0929031670093536
1.0502357830933116,0.7760521126993714,38.540706167339124,1.0010518082056787,0.13571074931896768,0.2724635271685227,1.0921178609132767
1.425262349721102,0.3623619651693626,39.093521693184975,0.8189176742825757,0.6524974704894266,0.4127670116031094,1.0914664715528488
1.2550780488922264,0.3284342511300408,36.58824866570541,0.9467118252494169,0.9831459243589239,0.1384739141313491,1.0901259928941727
0.8785595741657916,0.4743097977262983,39.6609143881027,1.3854382853982314,0.7639189860225387,0.43295297333630917,1.0901007950305939
1.0864038195840953,0.7646981678157808,38.769965924159365,1.5715983570168361,0.442296605816085,0.08669977584515931,1.0894089490175247
1.5042268458142969,0.3355669782272524,14.672132583951782,1.114410116329969,0.9963490899948237,0.16102011011483067,1.0893200039863586
1.5196015579207305,0.7440604757851599,37.2332235453832,0.9165989022877516,0.6917426223330343,0.090094165293509,1.0889641344547272
1.0276363795568795,0.3996564746621744,37.27452225954261,1.011763915237028,0.9959129971534995,0.011724373164061296,1.0888956785202026
0.8552490422428052,0.7306309300386817,17.239349699112612,0.8033438701850616,0.7191390488980327,0.03573870467428004,1.0887525975704193
1.0156831863502447,0.3403576796206024,38.359886911715016,1.0408468916864217,0.8371718071307899,0.4508625266164253,1.0882919132709503
0.800473593457967,0.45305774623901807,16.76967357405072,1.549358976509318,0.5165977986707112,0.17191744333883074,1.087970331311226
0.9507728450729784,0.6399573735988133,14.264363346160582,1.437291974581097,0.9459277746430811,0.4359180316605207,1.0875561088323593
1.5421430905325588,0.5169382300105525,38.66228547027474,0.8847319015082716,0.11892931388949797,0.09728707271950791,1.0875065848231316
1.064777124065142,0.3278967604571727,38.625686747002604,1.1589628893157853,0.1631563795847189,0.024842376382619956,1.0864388048648834
1.51623604772453,0.35883639119834043,39.00427087758502,1.427896798817613,0.3114362833602244,0.23334287321179312,1.086399033665657
1.1925267668628612,0.5429239901544307,10.523695234434994,1.4394921941245626,0.9054867984867907,0.3771055583562781,1.0861209481954575
0.8132758451384242,0.4184179224362973,32.67122523900113,1.394269451203411,0.549313664094859,0.39110881206744086,1.085752248764038
1.5573873095248352,0.3022331879897257,21.900474155415182,1.1677866115970479,0.20271880014126387,0.39567119055485844,1.0856221169233322
0.8566472151428003,0.3172269689452196,15.544500856797208,1.0315027032259607,0.26037075324855385,0.03541274952770556,1.0844217538833618
1.1178010774846123,0.3012718863046226,27.715553386680266,1.222589365223002,0.5741791959214237,0.4887955108323161,1.0837353765964508
1.4799681364633541,0.3018394076238421,35.31889684067531,1.4296725997364719,0.23245283812691733,0.2942390762966652,1.0835366249084473
1.3448408455516656,0.6293560353673049,10.720982142466404,1.022925784088325,0.7567652699345764,0.01644108199582514,1.083515703678131
0.8174760863884908,0.7408993883582851,25.352703533199737,1.441323176170314,0.43658840631743867,0.4214719758020687,1.0830611139535904
0.8193722645482742,0.5070033488772828,23.179826005183394,1.528964495017347,0.38474924855291504,0.4624961645393929,1.0829356759786606
1.0051427130195472,0.333335639203754,22.49268094162543,0.8565003050569272,0.6828612272192963,0.4931141623811658,1.082664579153061
1.4347153349535318,0.4476597605655208,12.40136429389783,1.5676093356360874,0.9350758145377607,0.358602172417473,1.0826269835233688
0.80006921544288,0.33587920360724244,38.465516641431165,1.1595972109158241,0.4854893615341409,0.24122346958145857,1.0825084447860718
1.3494896627510422,0.3304675905983241,39.860592851601965,1.5518792935347825,0.2425804107659398,0.26541044691298105,1.081869438290596
1.1404958450845846,0.7260100371176115,19.553090451072453,0.8462911561158354,0.11719329219809958,0.08065469127920562,1.0815654247999191
1.4652875399110235,0.32399265474138617,14.640543886715918,1.5432991069228073,0.47053800338085117,0.4870281234920747,1.0810738056898117
1.4968127087696563,0.786359095061218,15.233144049187576,1.391938549436182,0.8661095247476893,0.3900156728417391,1.0805554538965225
1.1415560574967916,0.6886556345931674,37.497117303504695,0.8449332341309408,0.2223288004354947,0.4947820977563528,1.0801334530115128
1.4922188701451358,0.3502343497150552,34.398550335472265,1.5985236017637727,0.3392857829926169,0.07585561520422142,1.0797188431024551
0.8632195349794599,0.7426074934363867,13.651125069686668,0.9124696171899032,0.7546844767276752,0.02850458298720576,1.0795951336622238
0.95436679528851,0.5985404716272076,39.983868766531096,0.9901767450982976,0.9210959446044966,0.3082544651932024,1.079551801085472
1.2373218846402512,0.5316238700064864,11.430328978832828,1.573480005862908,0.9419487702268968,0.05071367089714888,1.0785198211669922
1.3852272791092162,0.6932562758293979,11.359255070034484,0.8267447190163347,0.7210834585600421,0.1376527858355657,1.078204020857811
0.906650551191883,0.41257095105155567,38.36412600264315,1.5732267241274087,0.8546329560179144,0.2576347269346011,1.077914372086525
0.9315289725101055,0.5864620099136912,38.21933260883171,1.1270364441317866,0.8978448724285892,0.46782666034907633,1.0771801322698593
0.8639544134024469,0.3270250992032735,22.195206866055145,1.4542774357397124,0.3865737836739882,0.4235236739191534,1.0769658535718918
1.5050160904692038,0.30944940659209225,26.11698767283212,1.5760636771055563,0.7571933541550193,0.00793120700462605,1.0768347084522247
1.5714829811383924,0.34758354114650913,37.68538560402287,1.306704971027874,0.7566812252140457,0.23205637753316768,1.076830431818962
1.1623996022544067,0.35861661007131274,12.259399186697868,1.427516261407307,0.7678642288405361,0.39713400598687226,1.0768058076500893
1.4148180715791716,0.7809046134005426,31.541988227134485,1.047302053898383,0.9129295830247907,0.04655400299829215,1.076434776186943
1.3134939763004014,0.7694973436448339,16.03460492462304,0.8107950926961051,0.15741059135021299,0.094511324726379,1.0763039663434029
1.2586316590214033,0.4097504343377108,10.621661766911501,1.5852169334108788,0.36563094139281027,0.026999328383438503,1.0760177373886108
1.525535876063013,0.7964450817631867,20.938695082974874,0.8607229641055774,0.7078701010980161,0.05059792152123533,1.0749026983976364
1.46912520052871,0.5061042680833994,10.310801458545336,1.10343397252994,0.9721298329656164,0.11111033092285656,1.074719175696373
1.4263791745844838,0.3336495535138775,29.59112252198181,1.5519736452409394,0.16303706346805868,0.3246928913049859,1.0743799358606339
0.8318708064327685,0.5370876748627446,19.701835091722835,1.5648381893639745,0.7033582634205112,0.4400873168522098,1.0741767883300781
1.4909444589496856,0.5076227414843156,38.59306564252144,1.5415600999591412,0.7058656291983386,0.08402069160539692,1.0732964873313904
1.1000649034827477,0.485235197663466,13.900354339727082,1.5307442017447448,0.39141438114408356,0.49768537866550905,1.07302825152874
0.9703400033968779,0.40882426954852463,12.13819181739226,0.9921013834922777,0.9589060960536606,0.40488186003795623,1.0727796405553818
0.900556997889465,0.650979262605981,13.554829820365413,0.8774126416305205,0.8399091369123067,0.00826560561638587,1.071864739060402
1.4161750367688593,0.6731757905969984,37.67023155890891,1.3748991681274059,0.8040347331139054,0.4836831978408335,1.0716891288757324
1.4261502376902802,0.3244368979538638,18.827902996788353,1.3265530331489896,0.10569105822441308,0.39216237905821005,1.0708766281604767
1.2689291421637934,0.7951384566305204,17.08731859670147,1.5694913957494918,0.7852391079836777,0.2910352228865414,1.0707981064915657
1.5648155937377297,0.5442902147366354,36.020356039200124,1.4817930434829885,0.941708991091299,0.41499824001299684,1.0705956369638443
1.144520851026055,0.7301718211351409,38.87615197376553,1.3463583383878146,0.9378822347593203,0.3520043233514263,1.07046377658844
0.9381532359759452,0.32105996069831033,13.126326964493863,1.0399077493415776,0.9319564855197047,0.33136939133069643,1.0703578442335129
1.4115033707764357,0.4158387443802569,39.592430231247235,1.4183551599157072,0.9283900618391071,0.0005964065432021403,1.0702474117279053
1.0837391072724665,0.6298752283565128,38.260954781725935,1.2038769770494202,0.9083133210145806,0.45641123826182245,1.0702459067106247
1.481886824753448,0.5980997384175082,37.80647301240781,0.837505048251557,0.4579721270655981,0.009826747070176901,1.0686036199331284
1.2616361315817668,0.3706063454378718,16.921866376051156,1.4994243754889798,0.747018220448527,0.49483947198682815,1.0682825446128845
1.4809640046911237,0.7585883531752857,37.046050063721395,1.4042339199314502,0.7654064754564487,0.318898833875353,1.0680027306079865
1.1998646656546144,0.45598002479109223,15.766278658826685,1.5650407217045652,0.4447609470835926,0.46533426966756697,1.0677105635404587
0.826848770336511,0.5187029696867957,13.997178328445468,1.4403191927404286,0.6213035267397298,0.46236520741914267,1.0675213113427162
1.2581666798212174,0.33025973999695907,16.603481237352586,1.4545570906408103,0.3660606180918097,0.4660069647841491,1.0675071328878403
1.4149719861432277,0.7556814751740764,15.37457545613704,1.4280607888509032,0.9310100040473266,0.13600834805682546,1.0672030597925186
1.3795724373832683,0.32338373973962287,16.43849342318973,0.9195969112542371,0.9716769458803742,0.25058743832699254,1.0669379606842995
1.356520934180737,0.7940773115485709,20.3342443373862,1.309450000183146,0.9532162029188479,0.45295422594299006,1.0669027417898178
0.9935692072362412,0.7784817680079967,35.386170785512476,1.2907566988125647,0.9264771228420268,0.22583985767415587,1.066841945052147
0.9790651949460529,0.4397143694610778,10.873811775949047,1.4092810478309203,0.9279128521607367,0.018591961778530362,1.0654803961515427
1.2820316363355622,0.3243629093437123,39.64642868057325,1.1895654098194752,0.40474668329441066,0.49004657709945115,1.0648281276226044
1.236386400649022,0.7876416048829766,15.438912146922135,1.5777509315669525,0.1888371841733124,0.19886602422356117,1.0647392868995667
1.1705776696026768,0.6893512582648056,30.920618223401085,1.5931568603918211,0.7123009950365599,0.4468755282336145,1.0644003823399544
0.8829874473723686,0.6455751536100642,11.056385939032406,0.9083585972410693,0.6181000657307049,0.4420910060257216,1.0643903613090515
0.8486136282962369,0.36471850958031254,12.3587202983772,1.5671092609340789,0.48571803612268905,0.28146388816628776,1.0643104761838913
0.8353802112594212,0.39603811646408,24.31222887816928,1.5416200603061765,0.9147580837105795,0.2645780099084398,1.0642731189727783
1.5193025725925742,0.692824619416256,34.80690260705134,0.9208258026803385,0.14736583266266295,0.013189042362536558,1.0635953545570374
1.3637462921886012,0.7610954743903113,25.372706890159126,1.3150497573404425,0.9113964159846462,0.4845354840072271,1.0632873177528381
1.1547637801820856,0.4072958403131009,10.80275439455605,1.2785747608878393,0.11489476184462982,0.2813317240920553,1.063213512301445
0.8088577161134407,0.39111575836860096,12.028642706511189,1.500873488434353,0.9429708052496182,0.21137369535278103,1.0630360320210457
1.0074005124641237,0.7873978182999871,38.411951664577366,1.1625307699971166,0.5693710499225059,0.4582647380405577,1.0629916936159134
1.4117370490467016,0.7249404546473175,32.74127546331208,1.506898185453236,0.976528514340299,0.3080055365932374,1.062735676765442
0.8413253419397958,0.7637904117092545,11.581375487965055,1.0791125378317319,0.14422551043476806,0.33402991714403546,1.0626883059740067
1.2870676052989756,0.48879338391340377,39.960262565539715,1.1971454397335377,0.9689294625580974,0.45026252098484093,1.0626329332590103
1.435362732762693,0.30926680492033504,16.091147588559355,1.153295655919688,0.8829476707998146,0.4676932603454882,1.0624220222234726
1.4763098087048288,0.30664624283386244,37.785901276991325,1.530136000796158,0.5583704628531978,0.26943257547393085,1.0623553544282913
1.1660909189798674,0.4516089972435783,27.985685803020598,1.4485414184879708,0.9779752699289711,0.4462251582934634,1.0619126856327057
1.4323720711061918,0.6412936224605801,21.021771706555334,1.396014844770955,0.950252795131082,0.48167655896788536,1.061882644891739
1.3993763217457094,0.3383799878876266,11.391631384753767,0.876878860302797,0.41896657496256373,0.14401965358214894,1.0612797737121582
1.5197752229762254,0.3843206892253521,23.952153923377345,0.8691017161124203,0.9776742708759373,0.4207098047498461,1.061005026102066
0.9054502068853286,0.753303566970619,39.99221574063477,1.492489080564453,0.5078985791229148,0.12615271770578057,1.0608132481575012
1.0720633228116812,0.3663126577739272,13.109129974197032,0.9798383940085393,0.978923107919645,0.06849640422436501,1.0605700612068176
0.9069420040867662,0.798828626195711,38.43445369936983,1.2061411991426982,0.28216050627075595,0.37303045419091907,1.0603427588939667
1.5138152990501987,0.7381341011917155,35.438871021185356,0.9647734741706969,0.5982287111556612,0.44791011694793703,1.06013423204422
1.5357649590662914,0.7756659002306561,33.71875583525279,0.8605382689368543,0.255607175409474,0.454179571623231,1.05963534116745
0.8137726086006862,0.7273619032737806,28.079982314910158,1.3751730167239726,0.7564592412903729,0.14750537469752747,1.0593695640563965
0.9484609237381936,0.6682436798136276,39.686462294368056,0.8354580488505903,0.782815615854047,0.12325605535550928,1.0588297247886658
0.849650387727563,0.7196928141473364,37.422239145102864,1.3603811618033048,0.41634564596812196,0.44321786227694876,1.058023288846016
1.0555658368070122,0.5538249463455442,12.355100740928341,1.554040335795795,0.7150171848242681,0.45812480198424044,1.0577799305319786
0.8081430162574917,0.7332042259921321,30.244297838280975,1.3412003431228583,0.6633350732289923,0.10477238199201411,1.0570580959320068
0.8281012360821681,0.49046055488087914,18.57638026758023,0.9219722761054041,0.5466487344934405,0.46141131077330966,1.0567766949534416
1.468675960287263,0.5225720692213578,10.879051778239711,0.8075301558964021,0.8736054957764277,0.14159964095666222,1.056758552789688
0.9439633913017159,0.3040172983320805,19.909216646686353,0.9845754757605768,0.7274804676113459,0.47339335372476915,1.0567188113927841
0.9815968973546392,0.4122176127504781,37.05282231327152,1.4485732849576272,0.8733583277560807,0.385723728081676,1.0561572462320328
0.838217686867376,0.31750560745374184,20.060172990733566,1.4174072829968358,0.18317434749565353,0.04703485841165926,1.0559427738189697
1.4171159245552092,0.38529274051310797,15.765222807907808,0.8204589357359734,0.1634734631994536,0.17546925768291236,1.0556639730930328
1.0784697933125875,0.4073035082395268,14.45141030798695,0.9517538109500308,0.11159731860371455,0.025417524762647296,1.0554260909557343
1.51405101436746,0.6383318744963188,39.846809902114316,1.4253217257680895,0.5969153328359202,0.12836418494150373,1.0554221272468567
0.821311336378938,0.6991706456890177,38.53650789970078,1.1400532577195355,0.7731877468883197,0.33576345420265563,1.055212676525116
0.9299742498420143,0.3421946255504751,16.780876888121433,1.5976668852807159,0.7364649641660852,0.0033882940737441124,1.0552073270082474
1.5806800038498627,0.7547032542415961,22.958070826293415,0.9238103074422689,0.44180229632159307,0.02738511658918993,1.0551790297031403
1.3483598675735533,0.30100971039211094,16.69373241846001,1.2286077546018201,0.7297380670893213,0.4952379875686691,1.0548166632652283
0.8082462123765692,0.7686068057341042,16.15283724280176,1.4172820494044962,0.21885515273038758,0.4274151989494795,1.0546609461307526
0.8155895528310386,0.6976856657951991,34.10299778596553,1.403485712602791,0.13487527057252285,0.07096521214877502,1.054405465722084
1.459219079359884,0.6452096919274946,36.663635969778525,0.9883537610415565,0.9618177862370834,0.03782378719180777,1.0543146058917046
1.5422262453240723,0.3102234286926343,18.447472078584426,0.8641515368149543,0.23841133864809438,0.32859510076420717,1.0543100088834763
0.8617951984020806,0.7920309736621742,13.398645885732133,1.0624238243700055,0.3216473475728928,0.4685092006890629,1.0541283339262009
1.1796562168274776,0.3035671504725358,14.188883970302507,1.0768970475312991,0.9484577916782022,0.2952030802431249,1.0540299713611603
1.105103910582444,0.5101715610461235,24.49532031178171,1.5616349680148904,0.8725268820577825,0.40676272375963507,1.0538741275668144
1.5587356274015047,0.6776914096041351,31.472967259754874,1.412773491011781,0.9675826427348482,0.28350900940426255,1.0531189143657684
1.5610706526660993,0.3788830705412302,34.959113970010854,0.8526873445826518,0.7677836634527337,0.42501370130764615,1.0526796281337738
1.143612886961347,0.41617503345816487,11.447489228425361,1.2273005605211853,0.9800811781826173,0.34417315873992055,1.0521405190229416
0.8578113846904571,0.7909294788687422,10.691847854992476,1.2374992035651688,0.5615466891702682,0.4078071197073637,1.0511116236448288
0.8460196809622621,0.7548255862440589,14.722472843073275,1.4362749436742488,0.688556068684027,0.11855562037610186,1.05110464990139
1.3785466812262581,0.5764636839436617,10.391833598660156,1.042679518642407,0.8103342510786937,0.020966047195536495,1.0510069578886032
1.13897233399218,0.3118280773811243,12.481365850505142,1.4749881195623593,0.6857472939403176,0.3569625786847041,1.0505093038082123
1.371063230135679,0.44254175856032507,18.087516720777202,1.5538204600953422,0.8815909617668345,0.47476067808252254,1.0498233288526535
0.8922919680414901,0.41637077105211456,13.894167008193364,1.564209071335122,0.9458709978547603,0.48470524950669625,1.0498011410236359
1.1402915230421837,0.7318636377573621,14.20410722446831,1.1101658572261508,0.9413389330312335,0.47379008986762083,1.049573078751564
0.8263385429441069,0.3061867765297302,18.016102281524567,1.3182469453377266,0.14028320965937296,0.13278304625760357,1.0492337048053741
0.8506577734367523,0.5639607717849568,30.741676040568077,0.949237258294346,0.9924053134698285,0.3918804537588729,1.0489571839571
1.4448871683102733,0.7959261854806943,30.97561206490509,1.5887651386848278,0.12840803339042545,0.2322473423103756,1.0488741844892502
1.534811553509363,0.788163556971293,36.166408560167056,0.8918070202522834,0.3733542248950563,0.30227816289067694,1.0487975031137466
1.519122927966135,0.775376875853047,25.0893678166698,1.5451569741448798,0.11977015214904907,0.01617582238538873,1.048766627907753
1.0912967589105058,0.37549487389738956,13.03137218176515,1.2543991053679426,0.10846057367825411,0.32155810848659483,1.0486180633306503
1.2921932776470846,0.7445463391604215,21.084353619554044,0.8187213607132667,0.9273436022956639,0.48284909014616734,1.048496127128601
1.370877708760998,0.779205010807109,15.5548059857046,1.5061792774214418,0.7760887714012832,0.42095803599798753,1.0481645911931992
1.0318805235719841,0.7792558082022589,36.99985769440541,1.536588184034863,0.6947483308716236,0.35617182747558845,1.0481046438217163
1.2496599064083156,0.3322334528276046,26.93457674588617,1.59741990936084,0.6708178114089738,0.4874194935851373,1.0475103110074997
1.56591264120042,0.6103998088455478,13.958986258555381,0.9169834996071962,0.6834976795816701,0.007841491601305275,1.0472785755991936
0.9106242886366182,0.40549208678175164,35.462692432817214,1.3755023177767538,0.11916903455308123,0.3939932317523397,1.0472661703824997
0.8879210761722814,0.5226989662902216,36.50978050331875,0.9917136878390833,0.16835902543563092,0.47321223243915694,1.0469862520694733
0.8300354192398098,0.7828229754959999,18.011326522791077,1.5445764112134457,0.44925768196848204,0.25165965964872933,1.046815425157547
1.2300867859228874,0.4155055389336825,26.462541231603208,1.585755804862456,0.9232310740681794,0.44352222940701447,1.0464062914252281
1.2814409344935225,0.3341911088162638,12.321661597185075,1.3945319400906135,0.8551124781919002,0.36854053635764467,1.0460749119520187
1.540364152195016,0.5201208736848173,33.50516267482409,0.860026042329605,0.7757771710860005,0.03660691342210507,1.0460578948259354
1.5376308923230213,0.780416451032356,10.841548410868654,1.343550650299872,0.577444050351353,0.4384686545414188,1.0456636399030685
1.2634379635722195,0.7295348650753746,30.153381022044563,0.9188487251303415,0.9800161769700544,0.03007589916445128,1.0456022918224335
0.8501328426435789,0.3918875740649286,10.663053047253701,0.8422543790858431,0.8579974998787797,0.20803935077597374,1.044931709766388
1.5596620654109112,0.4254675289188008,11.392474472255303,1.5692628432748557,0.34392422307338955,0.38302667382596917,1.0447214543819427
0.8568535224858214,0.6872579411053283,30.699853877643157,1.045262221929187,0.9154798398966489,0.48123278934310326,1.0446834564208984
0.8217185044066797,0.5862218100280591,20.11826997483766,1.5608506045969714,0.6514095397203746,0.1505724643739397,1.044318050146103
0.8705694393716349,0.726755940990158,31.57620617690209,1.0366207421394238,0.9342593385136074,0.18639908963312907,1.0442123264074326
0.8823942509455869,0.3640878327782217,10.094752957004667,1.5234530490996123,0.6752006348108135,0.25335333496631923,1.0439064800739288
1.4235392537266565,0.39832589035719723,10.504942043822169,1.5706605762486234,0.16936197353783095,0.28379717732185916,1.0433375984430313
1.4108951677567836,0.7547700004354334,22.538628670424508,1.3645361832771354,0.7983417329396065,0.003922646139969524,1.0426249355077744
1.0511964599194636,0.4299276182963061,22.697796246438216,0.8458944369391576,0.1278671027802385,0.05127645264956874,1.042449176311493
0.9719900438906478,0.7724491704658774,29.157837812402807,1.0501062931908711,0.8827103603818314,0.4993718875484765,1.0423343628644943
1.4171893406035698,0.7625269378104509,39.46615901321568,1.1965578736408236,0.8687969120948946,0.3656388901378792,1.042025700211525
1.062654198212143,0.31280779175132434,10.144083575074198,1.3183523788447609,0.3445609731971206,0.3493691856668978,1.0417661666870117
1.4585568782746117,0.4353411800222906,35.932721543080554,1.3094283768309207,0.9830305812553106,0.454859134263965,1.0415994301438332
0.8253733195681371,0.37015412653185464,12.94500780821616,1.4548876272886293,0.17889443414337525,0.37348154035890996,1.0411517769098282
1.4684870569369686,0.7776885767779478,29.263055777524052,1.5684027126078397,0.29193934836467667,0.4864293419486786,1.0407366156578064
0.8971747524505593,0.3461308473076644,28.10563048101252,1.0702498984527395,0.1411172140037804,0.45577187225690896,1.040376991033554
1.2648567299744082,0.36132296638233924,23.399977856600877,0.8469889799062177,0.992631334862427,0.00703743482162606,1.0403337478637695
1.3836376745040821,0.3249079503548056,30.586905279264663,0.8596627620108399,0.12649653413477605,0.31422458730267205,1.0403218567371368
0.881851895326865,0.31331325190405956,27.40365886002935,1.445684026313479,0.5724508434835216,0.41342131998058324,1.0402458608150482
1.5317881733217424,0.36335300243594904,34.2406075415847,1.479658621381622,0.45171572599181886,0.48747748945370806,1.0400317162275314
1.4391826611197251,0.7750993829628965,37.22212745625151,1.5629657862167148,0.46732928091791814,0.14563614773741504,1.0397164970636368
1.0525097747767982,0.4451724649841061,28.939399159417473,1.5912744837637558,0.599140344389166,0.48000770588815167,1.0396803244948387
1.4788858068734951,0.7059754884858299,11.76002161881614,1.5657835001236369,0.6375625193073579,0.006028118218431265,1.0389913618564606
1.4842007941917714,0.37239597001328045,35.57067861481956,1.4492310941061728,0.10858115136131535,0.17238918222702995,1.0389516800642014
1.291228117031524,0.4394448081526733,36.76103071114018,1.5742819041239002,0.9303666102339124,0.48081030033799554,1.0385763607919216
1.402307154815032,0.4721948868769187,10.197056384305274,0.9113714434559731,0.6247706588888768,0.45385730887207704,1.0382051020860672
1.122370754572603,0.3169175144637871,10.933920463228775,1.14667369889989,0.20578521270349942,0.13018566931579342,1.0381180793046951
1.44525075576422,0.44323496030387477,10.624347420839081,0.8373132581239726,0.4482545819606647,0.19388254774552244,1.0379735678434372
1.1092844733025564,0.5075068155942442,11.763373094144972,1.4969417358198482,0.842618051244013,0.38425789934979837,1.0378604084253311
1.5417916679008652,0.3033593879059988,30.709857440462056,1.2912980090477109,0.5152961142625445,0.47632634730252776,1.0374643802642822
1.4456282368561004,0.46490993033600847,39.69564081197906,1.3543007016805775,0.648238119343087,0.47906120470181157,1.0370237678289413
1.5869689853762503,0.36561171529248554,19.08498433928286,1.0671436227885451,0.6725049719801509,0.06148274461478129,1.0369415879249573
1.5340872551845464,0.7181242799558392,26.625455725263613,1.315525313661472,0.9370570901019682,0.4240946312281421,1.0367263853549957
1.3737862497759856,0.7353747320635822,23.05698671813799,1.587325480650633,0.9079830475261147,0.13255354613356413,1.0366757214069366
1.024449856501421,0.7727098408389288,32.6896526548769,1.3167146736720725,0.1055427031870141,0.48760165866408905,1.0365357771515846
0.8666063023507887,0.7129979399561653,37.08712926183189,0.9173242642389803,0.8204764984399344,0.209340450094933,1.0363639891147614
0.8345948769292256,0.7033608034113743,12.522652474892615,1.240156078117436,0.6859151494005815,0.021806646213860713,1.0363063961267471
0.860862846222203,0.5200954362738486,35.10080690486602,1.1946797297048657,0.9967954404095086,0.25308920433846976,1.0360675156116486
1.0789217162350326,0.33540353371064185,37.98534927129761,1.4250344222059754,0.7213542612111331,0.39164827244656647,1.0352778285741806
1.405348848319694,0.7713892198844894,39.05715201587847,1.5161194735466887,0.5009814492162775,0.1426017022297262,1.035130888223648
1.5324339638415103,0.3501183349246678,28.06842561849729,1.5513092499672307,0.2735719357177212,0.37756003234076063,1.034961611032486
1.0533079904749068,0.794474628811637,21.203577857499198,1.4685365931427006,0.13958576105136145,0.4264901155366766,1.034920647740364
1.565215673954131,0.7710177029090544,19.57956083872702,1.5786536014007497,0.39282342195421605,0.24991005153529985,1.0341602265834808
1.0076307493995464,0.7993224577077771,27.028106953852486,1.1186831604364147,0.9769368417511842,0.09253062532926828,1.0339650362730026
1.123269897645648,0.6178422683557425,37.16972517340206,0.965018184895438,0.1966487532456736,0.01664217193282194,1.0334308072924614
1.0655302821722286,0.7684829171367165,34.32188879585941,1.3471913527759818,0.9503999568045248,0.3224872894819695,1.0333035439252853
0.8145374422916477,0.7168601364999281,25.75627607493506,0.8507347408785403,0.5711066009547652,0.07242193497208686,1.033256709575653
0.8180563188891533,0.7717668778580675,26.320113544099208,1.0991965566219712,0.8298996786737508,0.10563569279203947,1.0331352949142456
1.4502437477288979,0.7296644127577614,14.679712834337373,1.4760196761811848,0.9306933238860409,0.3707636007238608,1.0328844487667084
0.8218909547106837,0.4961795192277243,34.31296008330861,1.4897114420251403,0.6792580924445429,0.26932647997834636,1.032846361398697
1.5644200042339702,0.3398945481238162,10.741214472116035,1.0603493160354185,0.5608477397952297,0.1371858308731498,1.0328268110752106
0.9016267563219312,0.4712035715189501,38.18183121317254,1.5470576904189863,0.6425101089871148,0.015129992990710849,1.032429575920105
1.3855383600512412,0.37641546816785065,11.780922142852123,0.9355609721638103,0.9542260455729273,0.14017419499568287,1.0323392748832703
1.5124030710050433,0.7728855078669659,24.092118338421514,1.330044323212531,0.9402889600611068,0.16910862620707434,1.0323339849710464
1.2138347523156205,0.6720913844791527,39.226789705072704,1.2995245348764064,0.9180543584867553,0.45278491108315994,1.032216988503933
1.010686363733902,0.5612122516822582,34.21571579187247,0.8003466587265562,0.9869527562808467,0.19939577613517498,1.0318138003349304
1.498917527278512,0.3179553640202804,24.809693565215795,0.8047612985692032,0.9289928914240766,0.3088903698752,1.0314318239688873
0.8094259219674074,0.6770085945416224,25.4658072888668,1.0032209964477274,0.9668760697072178,0.3628359206029719,1.0308225080370903
0.8115075095102328,0.3550398522749819,25.978043829079596,1.2528181588905745,0.19603825126871102,0.42947946028923834,1.0308119356632233
1.2931453856480963,0.4796892988919682,11.756306130695712,1.5834172339019306,0.18932496007480332,0.3196126047325483,1.0303179323673248
0.8314586048771628,0.4073833940671111,16.30634490311315,0.9515630708934193,0.811526501808622,0.4465272806556085,1.0302028805017471
1.5358554527531199,0.6512976014149271,38.16495703024205,0.9211899167647434,0.26168360013665326,0.4891302418109779,1.030030146241188
1.2785738822456838,0.7652679422187323,12.616862523159405,1.4920635411935086,0.8696923503426355,0.1318916511885446,1.0300035774707794
0.9704826678878085,0.3414423995747115,36.822301525541015,1.353244323899327,0.8310260502708199,0.41606619106540266,1.0296106114983559
1.4719178498236467,0.30897720154018365,19.67112239143635,1.4152172177085454,0.14324404812264863,0.36260783067027985,1.0294242352247238
0.8200645380623311,0.5943621824241181,15.731406062678815,0.858442212522986,0.8021039093421685,0.32958062280583267,1.0291079133749008
1.4665096238057498,0.6008393916947877,34.581851400174514,0.8077255123862707,0.9320642782908577,0.3906194878537047,1.028417743742466
1.19378059845448,0.738060244583729,38.40102117138886,1.4359622078678989,0.8436045100172295,0.33984119750591824,1.0282516181468964
0.9837030941026927,0.36117595642326233,29.664354288468882,0.9231397291613939,0.9665077444430813,0.07323856215889957,1.0278985798358917
1.3555441612765744,0.3580230148614843,39.021810514038705,1.4789716331267373,0.9626043771546134,0.023838612710339876,1.0276543200016022
1.5434731365992809,0.4857604581414293,12.899689565047488,1.5443067895218494,0.9594719145907691,0.3508563179314419,1.027291163802147
0.8737012303647704,0.3274393691994174,32.37147947983699,1.3896357694004897,0.9680681235923502,0.2309365876588514,1.027260571718216
1.5145345897521394,0.7977645953343089,20.388871523759896,1.4334844185119697,0.5467485475093515,0.484142487685621,1.0268141627311707
1.0579681860008519,0.7863240893569864,32.49101419213408,1.49056719290255,0.573890077928364,0.012029532809486784,1.0267907679080963
1.5927956602503388,0.5551247811316722,34.49311321636431,1.4797152997658714,0.4272616638536981,0.06082839356060056,1.0266242623329163
1.4461421848061893,0.7906103925099699,39.783516151199265,1.085314171818991,0.38524674698469497,0.08238544576583062,1.0265516191720963
0.8711957105412408,0.4456986463419308,13.782105380988888,1.5176447524000976,0.10515106368982823,0.16612954721072715,1.0264551490545273
1.427132519835588,0.7731346529327239,35.70262353400042,0.8282339489094189,0.7026696794434727,0.0674996667389499,1.0257481411099434
1.4743010253767368,0.5122211501397449,39.80315971402722,1.0969751145636388,0.9469800609505147,0.3511074163323136,1.0253138840198517
1.3956724312886313,0.7873199206586201,19.013847906951355,0.8809733582519291,0.20573449114721426,0.026331381545758113,1.0252138674259186
1.3671493188381787,0.6131116513104656,11.334145746168478,0.9807286312251442,0.967020372798856,0.14550653921671639,1.0251460075378418
0.9807291734701623,0.7025423127544641,16.170798907467745,1.519650238746522,0.10172413984218319,0.41142717896234354,1.0250480696558952
1.5011886878696867,0.35624254450456094,33.4214583999624,0.9116564020033946,0.14682851351566373,0.3864246755931463,1.0241872072219849
1.2074261389589358,0.7993782756600687,29.865871690786772,0.9360609466571337,0.9646885708320412,0.12007383882346348,1.0237398743629456
1.2268881044296553,0.5752375827398394,11.776969837549503,1.5912957623384836,0.10305436159223691,0.126477640620808,1.0235224589705467
1.2733353805679881,0.36383695985008885,15.372883831361301,1.214751803054809,0.98895700973996,0.2914409706071947,1.0234279111027718
1.2244486018630802,0.33104278233071704,12.709085862017814,0.9682094154386627,0.19824435331165288,0.04523509703672814,1.0234252661466599
1.5624845730931722,0.7406912278086109,15.663853606790077,1.5392581772232703,0.10428619391594936,0.21197327581932449,1.02252759039402
1.4769011177157731,0.5137920106761205,13.450897279352692,1.510150253991724,0.9569496202560402,0.38605850137515396,1.022353634238243
1.4748843204946092,0.7361027076612872,19.03654406568537,1.3562027832451942,0.9632037186705702,0.41075869816232125,1.0223365053534508
0.8943239403394069,0.44691790942595166,37.05819179029292,1.5269145845447558,0.6135857471163079,0.3909950631740188,1.0222247689962387
1.0696588311560151,0.7508574878650909,13.404984332229462,1.5114398257559731,0.5475556157344619,0.4708096361746348,1.0215798318386078
1.2596266442540922,0.3908066338535671,13.410213254383116,1.568185805775306,0.9385592356067809,0.21686319623925052,1.021375983953476
1.5634474794071938,0.7220594718692503,15.50797965668422,1.2482817227739516,0.9582022825216702,0.19766289406379062,1.021365076303482
1.5884191703535624,0.3121522093461988,25.573851817770194,1.0957782307102677,0.3316618609148844,0.44349092212144514,1.0211262702941895
0.9371665582419828,0.7437480891970754,37.59811218963361,1.4199788257861523,0.8666519828222656,0.30844513795913486,1.0210905373096466
1.485619865964338,0.35188851526904996,35.53593475369827,0.8749981390408791,0.12178260538643693,0.1546293909943206,1.0202914625406265
1.5780001224741809,0.3914069626115647,38.39358923499336,1.311650027335269,0.9022458120064892,0.2820873475571904,1.0201251208782196
0.8400758286749141,0.6246566970214424,34.57733850857393,0.8625943045720239,0.12348994612214989,0.1216588626757319,1.0201113522052765
1.0062463494424645,0.3695902406175021,38.78085056607691,1.2777805108140832,0.3786259071136455,0.46517670200062167,1.0193101465702057
1.2572378952329706,0.7932519972819565,15.135577947618359,0.8275500008515478,0.6538048407943194,0.11808778071534028,1.0191323012113571
1.2983377316218183,0.40715614095694214,13.50936078989975,0.9826439436709037,0.8901827440237466,0.4809594722652677,1.0184887275099754
0.8248061182386811,0.5607770838990161,25.34684708252025,1.547312551602946,0.723010877633387,0.35598088950349377,1.0184022039175034
1.5180287846947529,0.38401463936624625,39.309279661357515,1.0510890594162359,0.24400388860740269,0.0015429658090520874,1.017913818359375
1.0249199053288156,0.41587805572996883,28.005587629635585,0.8593445236283007,0.9927316839449921,0.1623934817645229,1.017379254102707
1.5640343184752992,0.6105187398257751,36.92927064962177,0.8605789488069269,0.7999722642974394,0.28843130538089345,1.0173343569040298
1.5843755721136974,0.3033420248746701,17.37317001668215,1.0019307574843903,0.6115119318205915,0.48351829199530677,1.0171416401863098
1.1298052638367724,0.3321091194378291,34.473142106254656,1.5864865246362714,0.833547056202151,0.24178750481615008,1.0168985426425934
0.8679853021644557,0.6643548205342961,33.58004546319334,1.1070250457153847,0.9451858682825659,0.10860257999292103,1.016897365450859
1.581381408027462,0.3339964848049653,29.04382409903396,1.24791512262087,0.26209917805961125,0.3317373517914588,1.0167583972215652
0.9343935873027375,0.44981425717340184,30.901433899524314,0.8883528734586694,0.3301663226540754,0.4995617488741018,1.0165157914161682
1.148880601233421,0.592361226361033,33.98729146886308,0.8638293680800945,0.14596900098121812,0.06931372376042284,1.0163282752037048
0.9007534973493802,0.6507130633642619,12.00474513749793,0.8710136982907412,0.5026007092388698,0.002299518830947983,1.0162612199783325
0.9631557418828195,0.7207724549461316,37.570030569535504,0.8064718834638293,0.32752771485936205,0.09183750819853737,1.0159426927566528
0.8688067082701848,0.3656994344287732,35.084673068828835,1.4671171241111067,0.3397349266147015,0.41728803452221025,1.0156801044940948
1.11479761969868,0.40754589946299274,36.00012966345254,1.5790455251914375,0.9059012592840125,0.29766507048242075,1.0153641626238823
0.9496132889732098,0.4042774320775606,26.041271289866025,1.202177362974182,0.9376670147197461,0.48048758903419975,1.0153114572167397
1.078021424455725,0.6363531039524606,10.042774757374273,0.9599050294898538,0.12086269133281996,0.07926450313618418,1.0148915797472
1.2554551014876234,0.7907019229222754,37.96139515938492,1.0375826375519588,0.12982555357332476,0.14812746995644407,1.0148484408855438
0.8992429286199961,0.4812465371172211,32.20820753412207,1.587179827240273,0.7494807828757591,0.0003205613306885588,1.0140536576509476
1.2612308057349493,0.7950769203412142,14.154083375884962,0.8321650590507073,0.7633750281409682,0.21031241659758784,1.0137986987829208
1.075788674288788,0.7752582629273876,38.408378577471474,0.9862305779502823,0.2662673202858888,0.06413122971145346,1.0132052600383759
1.5250540623627156,0.3121015366123951,22.694638503835687,0.9480371283296034,0.42816454392165004,0.04443426137332043,1.0128497183322906
1.3158212720472888,0.7654580249461265,14.358021707484063,0.8435535783842563,0.9649330530314594,0.443987227816135,1.0126037076115608
1.2483651323579805,0.7549346083306628,33.44982071398137,0.9861094189383723,0.9809692058645573,0.14769731379985473,1.0125661715865135
1.508506176715636,0.590862254594114,12.857301883436381,1.0059537687198112,0.9893991020836163,0.1206408658021699,1.0122407376766205
0.8227540669808825,0.671290748031986,10.501307635343698,1.1459067295892122,0.14204564999037855,0.216422004919703,1.0121414512395859
1.593912946315775,0.6943046668500763,23.41412579481139,0.8508149606758463,0.8245517387530157,0.3318921972451142,1.0114325731992722
1.4939068676732774,0.33858254049389663,11.563601234111646,1.299065247466768,0.13085808013453784,0.23757067611967253,1.011222556233406
1.1825039679580376,0.40806252954821964,12.883791421008869,1.2398575935488088,0.9924518654488793,0.3054439077091655,1.0111963674426079
1.5759860757180206,0.6171446788019102,36.90845151114509,1.2202839528304608,0.6646162500141461,0.09520213800536997,1.0110313296318054
1.5231783683793252,0.3068395482292934,11.573631508432275,0.989119804904399,0.6466945754530264,0.3421076748298445,1.0109086334705353
0.8287719969533224,0.3280094824356886,27.834919796546494,0.8848392584482909,0.5121248089357844,0.1151294400490273,1.0108687430620193
0.9789451226556143,0.6483305341057629,36.71000717234587,1.4509391720154075,0.8554813255619632,0.4040458099711709,1.010671205818653
1.1395424529578642,0.3213293838676811,15.947848509525077,1.572541469999894,0.832922998800354,0.24455113702561215,1.010667324066162
1.2287794624114896,0.305088973830321,15.735323603907446,0.8561917705213238,0.446610111542577,0.02781493860330869,1.0105941593647003
1.466874181926788,0.3598558337598018,39.88226336712401,1.3143170664242123,0.6041147306098118,0.015701591407577674,1.0104666501283646
1.2513867338718867,0.6618601384012242,26.20322157994339,1.5791727344451603,0.5573436125720667,0.4928221504449679,1.01036636531353
1.546448656488776,0.49831799485030503,38.28850640701761,1.3386766992093393,0.9003892968486578,0.13613351566760898,1.0101750195026398
0.8542784273060452,0.7154437842043953,39.700023766425474,1.1676218358381016,0.7746864278650378,0.19393161188471508,1.009887233376503
1.4675105337291727,0.3251188881665157,17.41291574083596,0.9117990621482415,0.17574737714574012,0.17680193475006212,1.0098782926797867
0.8537744065351228,0.7380319285211794,25.166835754813338,1.5245838026935021,0.3692828014308429,0.013369910559184952,1.0097617954015732
1.5804900889240936,0.6879161737193791,34.81443336861952,0.8630997289824668,0.4528739983407948,0.16947041825714795,1.009685441851616
1.0889919202739393,0.49870886259620084,20.76661669326091,0.8682365729860877,0.14930526855622495,0.016773876879828287,1.0092325657606125
1.2653852997598798,0.78583280392739,21.434195235617853,1.484828866859826,0.1021074294353077,0.3689454595574791,1.0092191994190216
1.1337934882232257,0.3793872519250371,18.71918899294534,1.5395287266767048,0.5746260507311874,0.44824662719966474,1.0086506605148315
1.5963716059322999,0.7109852594827307,11.812519039386338,1.3171785820360684,0.7952792653086113,0.31109767499474944,1.008623942732811
1.0278969155998987,0.34278038412646955,39.278761505245996,1.4189446582516456,0.6450603339335854,0.3854129553677825,1.008220449090004
1.1422428716025363,0.54877166992194,21.982994210217896,1.3449426983469057,0.9950005332123835,0.43884801239917204,1.008055455982685
1.2688163740794993,0.7701996995398441,38.73074680457148,1.3763717964977187,0.7408360997935658,0.4079364823305906,1.0079794526100159
0.8166035651492214,0.42901292596940566,11.141295817109778,0.8300668753172394,0.3250765835398812,0.33786456576772855,1.00762839615345
1.1976313356858996,0.613412540669123,15.578080933800784,1.5944045701013738,0.4418852991926284,0.4719873411375105,1.0066889077425003
1.5690910762003742,0.6868903668566072,31.30151938156829,1.5965879412360195,0.30245114841481,0.37144448891346465,1.0066678747534752
1.5347523513275152,0.32956981007983416,24.92088808030742,1.426483748598144,0.22577218677643318,0.42662448924212776,1.0063019394874573
1.5846808028211583,0.420849383025797,22.31840855437516,1.3456744404139007,0.5100424358275619,0.03631535129530869,1.0062529295682907
0.8125871495046976,0.3892368742635239,30.940480416287656,0.8654821896699475,0.1386946075432437,0.3679599069724918,1.0057147443294525
1.207114025076778,0.4989809941402167,10.89715133099433,1.5091188560362945,0.5866511415375837,0.41738468996732353,1.0053440630435944
1.581167065344805,0.6282747802821036,36.33410681658805,1.4405852269884643,0.5082994476956526,0.3038424872229241,1.005181223154068
0.8300918163354081,0.6750087095287571,26.863547633365126,1.4863165608091031,0.6831629680317837,0.336123069670913,1.0048671215772629
1.5053696941100847,0.323651481601509,23.91494633438826,1.5735557041025867,0.14021944204066542,0.1729399468633966,1.0047877579927444
1.5818455553279769,0.4027641271406054,17.163134621695644,0.8183443410080912,0.8268052237736724,0.4937726796017613,1.0031989961862564
0.8837442435772621,0.34271216373103375,21.906130094249797,1.5585925914647607,0.6433589403243192,0.04488216833602525,1.002755343914032
0.9749143355758395,0.5199529839276233,20.941609404631592,1.5807118050261848,0.1497928655825797,0.49639872212701974,1.0027318075299263
0.819889619977836,0.711499740624945,17.30781825801619,1.0440321922966347,0.8814973003096889,0.4418213509714401,1.0026577338576317
0.8629593386372802,0.40553249878866154,32.872169207847676,1.5488342270619075,0.5339680995631236,0.38418929818506536,1.0026401579380035
0.8877885089999351,0.38275603604345815,35.547300985478216,1.430931137007974,0.9336027559987032,0.4293053841777173,1.0024870932102203
1.27768816520067,0.3007584304649305,25.13312595500191,1.2857784824444267,0.16142723405303486,0.4295666745301535,1.0017694979906082
1.4483421955142937,0.6863357740384155,37.467717866349595,0.9452336574363529,0.911892031679246,0.43140723606942166,1.0010254830121994
1.1571069062057875,0.6974968079165804,18.774122711310252,0.8892678346455384,0.15607945773321577,0.03168352727353662,1.0006497204303741
1.2261817127621422,0.3745761194297423,14.066577908516823,1.458689231363926,0.11691729206210831,0.22589757703100277,1.000495195388794
1.2437146721424022,0.7867952696119107,31.934997051045137,1.4028984644549143,0.13449942336068052,0.033086938925106696,0.9999523758888245
1.0252751247714489,0.481948330307571,10.42165831964992,0.8592595888517929,0.9219412139229921,0.23155562476511976,0.9998223185539246
0.9375640656606374,0.47672168904532036,32.0784228799626,1.3272062206056454,0.9904875165560274,0.008493353519122128,0.9995176196098328
0.8541947977817299,0.6409719761263639,16.393220063334418,1.5479455382755807,0.660407547909241,0.07887421538669909,0.9994284510612488
0.9354273943321364,0.6644021119134749,34.14240126979228,0.8164347082952493,0.2207503850395423,0.06973325686491356,0.9993691444396973
1.2537222661844587,0.7870787044459676,21.146155844487353,1.1018442231763386,0.8693921456718388,0.47851190187682313,0.9993357136845589
0.9478784731680079,0.43365256449179757,11.973675690997425,1.4301829872095386,0.978423127598177,0.02478414698913317,0.9985812455415726
1.5414802322216967,0.7783267121314397,13.98764521950956,0.9760923141753264,0.891777547545879,0.2789778987106256,0.997450664639473
1.4655921647146353,0.4795356054312264,39.365041100628176,1.431606829466016,0.5322949403914505,0.48759207603192545,0.9972318410873413
0.857565606350698,0.6583069257472622,12.10195769477993,1.495904460063461,0.7108265698317271,0.11109240642589288,0.9969640001654625
0.8919977118907614,0.40460313237987516,10.105058808207826,1.0229968956139261,0.3027874846079198,0.4979326182803359,0.9968218803405762
1.2266733415261701,0.3326932433575218,19.1847783702861,0.8966572442972277,0.9855960344339452,0.24367382363693463,0.9966942891478539
0.8131318607950129,0.3929318411206585,22.952885314607038,0.8263869696945079,0.5950677011032938,0.1713919106271833,0.9965593293309212
1.5036908040223314,0.301988774234074,17.821459064634055,1.3316161712512185,0.17726494469272652,0.3864577945544641,0.9962583929300308
1.005111601154304,0.5441044019213118,36.81145003613953,1.0707815496382613,0.9827841544222403,0.3184696417524934,0.9961149170994759
1.289421246171829,0.4801379470011322,11.30453540931927,0.9589733227758329,0.9655513948134374,0.2656111588522467,0.9960984885692596
1.4344011654221984,0.5832654552687898,10.177447203819463,1.4556248379169563,0.9719811662466602,0.08752598364758957,0.9958977699279785
1.5241206150951063,0.5909359626528374,39.125919241970784,1.4877423808339365,0.42664073049715834,0.06581202574602048,0.9958748519420624
0.82575432110224,0.5851681101781014,39.53099311425929,1.4070453861437602,0.13175154879235235,0.10711318588362034,0.9957370385527611
1.4858439252091074,0.7841181588181523,33.39749340386281,0.9572909047627782,0.5964084643098903,0.4151644868844579,0.9957219660282135
0.8897212153075993,0.7562582147118748,35.681821130313416,1.3627583529995835,0.6719285334921713,0.03280547733214356,0.9953578859567642
1.086838423507162,0.35748029908793133,11.557076128996213,1.2747377151718537,0.22724325688536373,0.4583082029123575,0.9950259923934937
1.2444976076413563,0.4126665593781279,37.30347289474376,0.8748381318972062,0.9696510768154183,0.3952745781046084,0.9948487877845764
1.5761989161053103,0.7485869913372157,12.467778351529027,1.56652940772055,0.25441788064251125,0.220353079274644,0.9941432327032089
1.2245201025940458,0.49465301767897685,27.72312936034703,0.8024983169430454,0.10112057731333407,0.04884163203963193,0.993962824344635
1.1777969000387274,0.38982884120546957,15.364101192418245,1.1184162213478448,0.11463218552729833,0.4539288616168737,0.9936264753341675
0.8766420278017992,0.3344698343915835,11.243807049390576,1.213550623091375,0.47062021238613894,0.12471035838878024,0.9935078024864197
0.9580514924979394,0.6913909513821542,11.987600472750337,1.5504412776173513,0.6594933905913845,0.011499083406719528,0.993322879076004
1.0088157877306076,0.7420605592087129,39.86590513298668,1.0115728115208702,0.8240329071128485,0.21921026905077007,0.9928083717823029
1.4652636015964038,0.3750235757815742,10.761882794133633,0.9272533280296233,0.29499151130706236,0.2169755627712262,0.9925398826599121
0.8096666740471167,0.47757526213221446,37.586589301590536,0.920057484351491,0.20537213424978723,0.08116819183035222,0.9924160093069077
1.0850947477815407,0.5686635880103472,35.007786642452345,0.8040287890104698,0.9677307821723006,0.4231603112117278,0.9919309467077255
1.1149585832988624,0.6652270077328479,36.41240121460453,1.2587970543730196,0.10506391794086664,0.07898512236714242,0.9919208884239197
1.0736412595266573,0.500241112258017,39.22935613181392,1.2871455123483009,0.14054865050732512,0.0715420685320182,0.9916205406188965
1.5994178852183176,0.6200057415180111,27.272150943833736,0.8621203487045895,0.8943443638158146,0.23807418983578169,0.9915922731161118
1.0230912827546388,0.6866637782715541,38.175551944239324,0.8948434593349985,0.9075301657490884,0.3655725907354923,0.9915826916694641
1.5459462233917307,0.46025153922301554,18.40109235712752,1.5536508338564001,0.7754955248481588,0.029680633746660686,0.9915704876184464
1.5896817376764696,0.7650631253033827,29.81735976737219,1.039587024741843,0.712444041282995,0.07505025339814503,0.991533949971199
0.9954533067669522,0.3967062980103865,17.322487138430375,0.8001726186222974,0.9128467602074866,0.3407914375566701,0.9915236979722977
0.864584618716018,0.5239944079396701,31.682500278027295,1.3725090583254103,0.967250990467318,0.14666248873774046,0.9912809133529663
0.8095773737359538,0.49774182487692115,34.134992998140405,1.0947069692542213,0.9338451889762601,0.2562763958598394,0.9911964684724808
1.158984725420718,0.3034765489949837,33.83555850971574,0.8877552442588101,0.6159857328645658,0.009236774519918027,0.991006463766098
1.0003076021085369,0.5350741351925552,38.98055177429789,1.0881697485969684,0.10225482976661053,0.2954217073022965,0.9905855506658554
0.8125363759548249,0.6642333713926858,33.23455910005732,1.150285726158579,0.8113444100830213,0.1488270266260516,0.990580290555954
0.9715043393478621,0.7532553378747464,36.79170508039577,1.5693255579914231,0.13776427813099157,0.26031866459015796,0.9905435293912888
1.2784188947226047,0.6323460983534916,11.134756417205795,1.566433787237845,0.5598259652436387,0.4350209798709515,0.9905418306589127
0.8463525258419367,0.4307945047793405,27.925086159739788,1.549066371772375,0.8834971021359587,0.2201786196446752,0.9902031570672989
1.0452126266851645,0.4178742861374612,13.100841323389126,1.1874637210347878,0.8402008789436848,0.4901302975488846,0.9899814799427986
1.5754119980555803,0.39429041834755574,13.407020022925419,1.3079123354972122,0.26965526212423363,0.46565154650045854,0.9894405752420425
1.115753578708497,0.7085496091392274,11.477591133084575,1.4767021895010508,0.25289047794483677,0.4215499886310281,0.9888764843344688
1.0310329787972303,0.5558486864940215,10.410706416088482,1.546048150632576,0.46582507326614186,0.4748706185418869,0.9888763949275017
0.8505596641040227,0.7757376211191064,12.81511821899228,1.0089205523820204,0.570183668252225,0.44566151563023515,0.9888623803853989
1.5899241443980558,0.3250784017048242,14.362558012342795,1.4844221341770032,0.394009369900409,0.12659560229506503,0.9885818660259247
0.921536037182596,0.3340687233375823,38.424984224531826,1.486457323291479,0.7001996199071264,0.1970584269250429,0.988118976354599
1.0065680998763653,0.6828198592684096,39.97448403131809,1.3844197281864177,0.7308899463590537,0.43638648332293334,0.9880466312170029
1.4622057401591164,0.6250648494106257,23.53598764766294,1.4745386579110373,0.8749132969941417,0.48667938650665066,0.987807959318161
0.9605404843428881,0.7494661662505209,29.288666595589973,0.8048315150280451,0.3047130690540819,0.03457598632369756,0.987775519490242
0.9133569221552463,0.45439494980799205,12.435470609213162,0.8124299409279836,0.13562286929151401,0.2625530486688359,0.9876980483531952
0.9951098049175751,0.36156474011585027,10.649614102579015,1.3914787475633115,0.8471176091983176,0.41072577773473457,0.9873355701565742
1.289466893238946,0.6941742592965279,37.19549377277622,1.1587698096910721,0.9749328483449873,0.10759363482137464,0.9872660338878632
0.9891906204171624,0.7573549530439145,17.407239135875486,0.8359514502758154,0.42039558396011856,0.0023990322533395687,0.986832320690155
0.8418290249597303,0.7983472130262241,17.178966857049794,1.0841810946484705,0.8690928449455178,0.2600266390698855,0.9864330589771271
1.5284877379014732,0.4074670792680664,12.785155304305306,0.9831729842639914,0.17846269208354232,0.4930882316117555,0.9863098412752151
1.2978044912825117,0.7962486824939697,39.112037148504626,0.9806939089288416,0.17657781405236933,0.18024883331896435,0.9862554222345352
1.4838156060389338,0.4995321408396145,10.924197629942526,1.283985613572096,0.8013131043310097,0.4994817081095578,0.9860690534114838
1.3957049734954778,0.3743713667087337,17.833691328532055,0.909550646740919,0.16270484333700364,0.03715444468414767,0.9857644885778427
0.908545593012286,0.6428685323129602,34.93117494703124,1.1706762836595552,0.1338937738719171,0.49575792337211805,0.9853114485740662
1.426248456464577,0.3176419671176457,18.039275341633925,1.1875715463062178,0.9938271581796975,0.26873067203149065,0.9852533638477325
1.1071577806608544,0.45359164789395134,33.80285547194856,1.51230933009399,0.9656886846351009,0.3602872957434572,0.9851135239005089
0.8746949108995901,0.5216616370852365,27.604790013934142,1.479806102049643,0.9781843345717222,0.27804758426068676,0.9849569797515869
0.8544818574807087,0.6664622827242539,34.61870361458072,0.913256458428625,0.5591428074529878,0.4644451019695844,0.9845179468393326
1.535233915147344,0.4023920711696999,39.44437786276991,1.3855375200700948,0.5412434635965697,0.08082508488226274,0.984131284058094
1.357862381213935,0.31778885190304423,13.762589962591138,0.8389783962881814,0.29276849901011853,0.4133210153971764,0.9839979559183121
1.1321468532403218,0.4682837527250349,11.108891648451909,0.8414405929135859,0.7085533778032801,0.0025309844788047376,0.9837769120931625
1.287571414159284,0.7455789186633326,13.419104548130978,1.559618485477163,0.12061451790368465,0.12070600573939612,0.9836338758468628
0.8788437974376687,0.3349696348307923,12.730281034392062,1.2086420748189743,0.9885903086825418,0.36701999037474836,0.9823545590043068
1.4924053735793608,0.5034550101626214,39.01715230251366,1.1866252839577776,0.9895183009337106,0.2501025499172613,0.9823183417320251
1.5105259742284316,0.3946453841586574,36.142688136068756,0.9966659333298236,0.7903074125779609,0.023424874361162147,0.9822100251913071
1.0866753872432362,0.7780951578297322,39.34463819157821,0.8590451303506054,0.6310951976642297,0.2595666532448827,0.9820419251918793
1.185529418796796,0.41495524961309543,39.42492892587893,1.5575822909857866,0.1686524438357938,0.12872745269863095,0.9817542284727097
1.4698947216261822,0.6997621280485055,29.89749850894832,0.851886922272582,0.11323107238531584,0.04044444318651013,0.9815704524517059
0.8789427454243858,0.40344315078357706,25.90134438643838,1.403275099876382,0.10015418373794219,0.3183744261413919,0.981492355465889
1.522192785067778,0.4060451636138538,38.00560283336914,1.4847612033020976,0.4800954118791325,0.0625797199959819,0.9814793169498444
1.250522594769688,0.72564167163809,36.42964933492958,1.08138791820285,0.8847321746331811,0.4985633048996269,0.981284610927105
0.9349631471008546,0.7913608479520842,35.8664245309033,0.8755421953555834,0.5662307862999756,0.35289506612629956,0.9812682271003723
1.1368537218015171,0.7739579455133856,35.97303141019594,1.3845309297600827,0.11959830575192518,0.16034570152319638,0.9811941087245941
1.1705051537528381,0.723380216680702,25.211545426152092,0.8091341539237943,0.9780892645102287,0.389142228293495,0.9810210540890694
1.3363270048817222,0.5051298581103145,12.95184667958287,0.838389831614366,0.7002278644761667,0.030425923878143694,0.9806665182113647
1.5067986780385376,0.3585223940045369,22.462581713949344,1.355722332141418,0.9910497366572287,0.03897149450538736,0.9801892042160034
1.1500397884328835,0.7830837760906459,17.622476738155108,1.2455423177820872,0.9994708598434393,0.0831397033481976,0.9801551252603531
0.8405237891868055,0.3458285079367583,28.48194576494822,1.206982524829108,0.5207238465071299,0.446271347761382,0.9799297600984573
1.1506544469560511,0.7741559386287613,12.563667621021136,1.2665228241440458,0.15428761463561766,0.35823714736258405,0.9792831540107727
0.8011581281337767,0.5416544380490289,26.091127882921626,1.5038865228190805,0.558863450694409,0.054976789586536755,0.979257732629776
1.2252368680672165,0.7909744861136973,33.073072566284544,1.1884358791913598,0.847853270777786,0.4307193490476557,0.9787245839834213
0.8370769397693791,0.5688426658800549,35.55536052805203,0.909138530018896,0.17768357236025512,0.033104478080561384,0.9785304665565491
1.5292729688801063,0.4858850235656382,10.358755615941474,1.1821720067174915,0.5798230257785045,0.0027347658974184535,0.9784562885761261
1.0799884931729178,0.36328873875438844,15.683502321467778,1.514231629477423,0.9953022756758789,0.060422644976806154,0.9782633632421494
1.0107830280678098,0.30095384557628263,16.047833374868382,1.2973019364633276,0.14266154607527726,0.029542605117429985,0.9782467484474182
1.1446257177624422,0.7571266746928443,15.804948936276531,1.322235979912982,0.7149213611948866,0.4717924320899514,0.9777691438794136
1.2863932079083242,0.4648369799662397,22.814105710587313,1.021641739024351,0.9765026299582927,0.4758774391943375,0.9771337136626244
1.3243122241974605,0.6766883612614618,10.725919485355716,1.5526212323845106,0.7701520773222508,0.37809015563016296,0.9770623967051506
0.8167669563139194,0.5114958119722169,30.036552872551272,1.2486030141391817,0.45627937379681105,0.47060978256405894,0.9768654555082321
1.1204607959145347,0.762799737259818,35.406971292840005,1.282453723348545,0.8427818437453796,0.004703325327204252,0.9763782173395157
0.8525841235651099,0.5343376265514356,27.73233520620811,1.2581814356342875,0.9901074296985722,0.49131212746411645,0.9762785583734512
0.8950820535424046,0.534076887722874,17.0262169138028,0.8703592041111878,0.10265170110931225,0.16126816674588815,0.9762484133243561
0.9151658023894128,0.7056760729265596,10.262814581135208,0.8370928603298553,0.6578962307076854,0.34198387051304663,0.9757615029811859
1.3680446160968045,0.4740639431773399,10.60394763842822,1.5711460566174198,0.17089619911564408,0.3680988147716773,0.9756056368350983
1.145930675578117,0.53806747679801,38.73547264083997,1.58780329154115,0.5199073276956273,0.024140885972824377,0.9755478203296661
1.1908480534191992,0.758031497342752,35.07213420777231,0.8128898595495682,0.15027518403117102,0.43514235867191264,0.974828377366066
1.1058431215620204,0.32548059857161205,36.107602552019415,1.5418739753696755,0.805887692793528,0.23720622941807937,0.9746216982603073
0.8368732990430049,0.6745955562976158,18.62828464775596,0.8962665087990207,0.16759553307732705,0.10159355409472066,0.9744711965322495
1.3447709862729016,0.795342331255376,30.37287531709009,1.4518483898909769,0.9182055589937044,0.24445485475937712,0.9738019704818726
1.229407241415212,0.7613817749302787,14.433977350413347,1.52766637619212,0.9179060079942001,0.2617062534029415,0.973762035369873
1.5981622244129003,0.46570887375008285,37.42800947376872,1.1613224152536867,0.5366815072977812,0.27735848084299697,0.9735776782035828
0.8155083866862436,0.5992835619736818,12.749120749564273,1.2283280450893497,0.6269938748874495,0.3099332436585985,0.9730770885944366
1.1558956156805131,0.32331483437226,23.830978787291123,1.5270776549862803,0.559909611164763,0.4285373508487064,0.9729800820350647
1.518640755764763,0.5948743331353324,10.921767612444091,1.3907951744123859,0.9443096879355631,0.04110735374052355,0.9726340994238853
1.2753752421469,0.7428884038327302,10.114423819639924,1.452335781176379,0.1746349047953259,0.4218305850236117,0.9725944995880127
1.0028976839489572,0.7942265909289893,16.838927510831308,0.8451573617956295,0.7265943572756521,0.48286231843030974,0.9723580777645111
1.1225834203393676,0.4798895804121675,11.222142373078364,1.5525286857395582,0.9298941099862384,0.2755669839243518,0.9722912013530731
0.8287186973673024,0.6830589984387245,19.865281300828087,1.1181204564078893,0.7768739688044336,0.005052022390488178,0.9714336842298508
0.8768716236398704,0.3190926844510551,33.698443813943825,1.4474014460151854,0.6541447633076896,0.08358774942458172,0.9712978452444077
1.3443337441752226,0.30282303164270713,25.89677689496343,1.5756973103960035,0.6242608288512765,0.0025761292902422915,0.9711180925369263
1.5763164652425141,0.5722901842571766,12.127116192671833,1.2155855577487245,0.6928691892303372,0.498125828808557,0.9707248881459236
0.9134766384824372,0.7084932876530532,11.616723196333073,1.0509596660785023,0.9905712901420168,0.2901372269392714,0.9705530479550362
1.0417845666122718,0.7834102807726413,12.583705695273828,1.5994859280090878,0.7401425934210751,0.3296991661015029,0.9700372070074081
0.8254505317883853,0.4123956004967616,12.594833552571597,1.4881294318483316,0.17822310945270797,0.1641922268918524,0.9699446111917496
0.8877513078409051,0.3601098618757681,39.786598329519194,0.8333098903573075,0.5140794146974118,0.28684888842833806,0.9699327051639557
1.590990539540352,0.6528462061134306,16.447491138979252,0.8899625709462026,0.16691051711633326,0.023933864016575587,0.9697137326002121
1.4866508602172006,0.7381876491825671,24.845166547889065,1.5661933090993054,0.5757810114006324,0.4745737604528159,0.9693115204572678
0.8712528474615081,0.6899034397856536,12.027109084608536,0.8236069953420929,0.24513459403164048,0.18080077658340726,0.9690225720405579
0.8759401751846833,0.35687690377835934,12.835759510080885,1.4688320062365479,0.286383632842517,0.09204694957361681,0.9689037799835205
0.8581975878327669,0.7706915845978688,10.026083184555404,1.3413629303614885,0.5345157783608161,0.3380334943175934,0.9688379392027855
1.5121599365092493,0.30785467007909584,21.037854631823897,1.1069299627938853,0.16414904277550074,0.37325643240880546,0.9682840257883072
1.5759015092135424,0.5446884532910395,27.180815492562303,1.5644352314383076,0.9133014189789993,0.3138687461465845,0.9682255834341049
1.5791742987269388,0.7453711808317074,33.201412682572176,1.305549805936555,0.6832234522824614,0.2938431691319759,0.9682085067033768
1.545559885339907,0.5633465420396868,37.6071527326733,1.516070260941488,0.5295137445305462,0.10556925346630704,0.968133956193924
1.2539847654485574,0.7262605338805586,39.27090696360805,0.8919760383674407,0.8979117830455734,0.11842337354343915,0.9680153578519821
1.5986225929042166,0.7321369139338703,13.310000380230917,1.0716038559469443,0.5549993109605273,0.05216131481097873,0.9677679613232613
1.0333565487570613,0.4621474792544214,10.430954250413677,0.8209859831740561,0.49299621615978073,0.04216304497350062,0.9673176407814026
0.84996941822544,0.3479770090873863,25.223737042110848,0.9362781342792108,0.25222320075204685,0.023574986701577587,0.9672572687268257
0.8838114861971955,0.4618381922457552,11.073762619153793,1.3705507638935734,0.11064529819955143,0.07003040864007387,0.9670011699199677
0.8517086579413649,0.7123882609657429,10.601708118711015,0.9248967634733521,0.5201933984952984,0.2498218820832989,0.9668983519077301
1.4834095463472756,0.5540042730121879,21.711334814588096,1.1117885780620376,0.9837471192614589,0.47626071113236684,0.9668546468019485
0.9799837502796848,0.6546121105715711,10.193467596540897,0.9216272028591099,0.38332516560580476,0.4838031637805925,0.9667579829692841
0.8081904088809271,0.6114362144246466,11.387565666605697,1.310760338982646,0.8539453522585988,0.3519454981933275,0.9667374640703201
1.5097303078949464,0.331963629964446,31.378241055884175,1.5946329195536328,0.4260657932938351,0.18818071224202285,0.9666702449321747
0.8627445285040974,0.3061463052187509,27.0772302642132,0.981090041898792,0.40426064197994294,0.42243511911519765,0.9665360450744629
1.2550232595826407,0.42795700434498485,11.993515824180509,1.5762873048903754,0.7576124318405506,0.02746730950558166,0.9662142246961594
1.0790643162076685,0.45452487937228786,36.431650969462616,1.4000460245737951,0.8178849824500772,0.4046407127501261,0.9660433232784271
0.8470284900685214,0.7071335312566568,12.142744566235432,1.2219966325634373,0.5045346482955917,0.44985027531113153,0.9648194760084152
1.5166617360521286,0.7975042828254483,10.913662825690308,1.4080096980465864,0.6420213925662807,0.397838560153593,0.9646431803703308
0.8470832519526033,0.30200920576818535,12.422971528487242,1.0766680205362495,0.8088505211269098,0.07812759531548338,0.9643773287534714
1.1991204992994817,0.6516495701215268,19.747046731037294,0.8090327424082512,0.9981711922676357,0.2997877233396026,0.9643679782748222
1.471094104713974,0.39471353953912236,37.85700436931569,0.8029178128096766,0.5742698352133091,0.3477104562943803,0.9633419066667557
1.0584568890924733,0.5952432048709548,11.501997465787666,1.2349289053453707,0.9124444975965905,0.007069963814427488,0.9626024290919304
1.1126480036392934,0.6138474604086761,14.869840400147085,1.5932020576305823,0.9115372404945854,0.07174248438549996,0.9624137058854103
0.8410663047952787,0.6276281603806461,37.94542622913639,1.3287921539535046,0.6003561194357776,0.006245716187422216,0.9622890651226044
1.1428581565846108,0.7299245561610326,37.47740668678108,1.599406686982567,0.5745546646066058,0.0701037910927005,0.9622113853693008
0.9254935316624135,0.7126017342947701,14.852095319250738,1.4671511462599864,0.9155478127390265,0.19987001952316788,0.962210163474083
1.0287430831948463,0.5192100758577313,10.224890225473178,1.2738126295538652,0.8398025584650016,0.461466463094004,0.9620365351438522
0.8882925403036459,0.4195649714287718,10.834738815693358,0.9509808006923404,0.7414592630735056,0.4529000587138683,0.961755245923996
1.2668975238298934,0.3354948768077906,22.22958605265959,0.8985246301505634,0.817475568202436,0.4994179670605029,0.9600310958921909
0.9487365951196695,0.5202836286554426,11.50993028829155,1.4099409331425488,0.13299155109149602,0.4630621888431869,0.9595893695950508
1.3984602177192196,0.7783990717715166,29.439877789694478,1.4090825776443667,0.735847671580453,0.0261223689755818,0.9594782665371895
1.4534435692338539,0.5250100156366955,38.32136953166864,1.1361630180316018,0.8253676349056122,0.0016720877682235371,0.959387980401516
0.8160328139493027,0.5545269547118038,19.11161759915243,1.4787485666138052,0.12711144281500886,0.48691294900892146,0.9593664780259132
1.1864822398649466,0.3107551625851377,36.918917804229565,1.4806058499919557,0.859997402560605,0.30668811377325905,0.9593659862875938
1.1963534699029972,0.7651635612574745,39.68476681944314,0.8096797038892556,0.2619558428953934,0.2880354532739233,0.9593202471733093
0.9301401765350757,0.36923665908065484,26.300095611878696,1.557028619632117,0.2898990427001731,0.0009672046860228339,0.9592548310756683
1.2769657414875746,0.38535897535136265,10.450123695197082,1.4231174698399522,0.843516016825925,0.02789684928188871,0.9592343270778656
0.8411525641078925,0.4110460012960241,35.79814593102895,1.4282445277885536,0.46540732891475944,0.39286319043517887,0.9592158049345016
1.5883623903007276,0.33179129327276075,17.259178967310273,1.529160379376487,0.2802404826295112,0.18443014210189318,0.9592051804065704
0.8346648433244226,0.36555360863048314,14.131635613912167,1.484484808461304,0.5799486435044073,0.37889373387379593,0.9590027183294296
1.4917058467562474,0.7463339858860567,39.250205255291704,1.369173625384822,0.49732499564417587,0.3306496455619369,0.9588223397731781
1.2743508993826722,0.7668522115287117,11.1957844142776,1.470077308007409,0.6124225403487482,0.32747007077402834,0.9585447162389755
0.9061223620006058,0.31409336141901917,15.343363151637156,1.3610570687726704,0.49046038211342524,0.4822965476205122,0.9577583149075508
1.4564869456744107,0.5460202590501844,11.147378530329645,1.0578574073481553,0.7820115380649646,0.4909616959341137,0.9577316641807556
0.8133508742837013,0.6067772308466091,38.437481004054156,1.2597124660709347,0.553845041449373,0.029381311128960492,0.9576098769903183
1.0199746249272041,0.452383826890264,12.411037454229836,1.5817102628761242,0.6074886223520486,0.4552555610448613,0.9574167132377625
1.5955577536779293,0.41672640119213306,32.019819968985274,1.4024077164315547,0.33432391543329226,0.3220971425684335,0.9574106931686401
1.5839669596983579,0.3059799824586164,14.167120912093356,1.2166818651391824,0.6352520844320583,0.17121404229737752,0.9573826789855957
1.081980057477743,0.5773020925920112,10.209030233539716,0.8119781837718467,0.7919584339337703,0.44284121646705443,0.9573504626750946
0.8631007468399404,0.511700792611391,29.873826065412853,0.8487370222843309,0.10273713158789788,0.10536484030174068,0.957335501909256
0.8462856978182238,0.3767538647424323,11.957350635639507,1.3373590804438544,0.9488533300060726,0.06608087207359409,0.9572384655475616
1.489599118026021,0.32968983812598196,19.45252814488741,0.8051018020307068,0.8342290670466458,0.018187002819882135,0.9572004228830338
1.0891380231016738,0.7354585417240553,14.394863253293906,1.5266196182053524,0.19934278220919913,0.43197316602847896,0.957089826464653
1.5669653515251023,0.6215546211810234,33.36138477333562,1.0346240679985204,0.8225701381611371,0.4622967722141129,0.9567867517471313
1.4516687110682602,0.36744196644534155,36.75814611669288,0.849328757591288,0.1872543107752937,0.004352527214869598,0.956548422574997
1.5893024683926509,0.658257701498368,11.909916084958615,0.8488990233879486,0.15902403299564305,0.4777995887129139,0.9564666897058487
0.9123610580775252,0.304957782610602,25.943028824244873,0.9426438469761347,0.6705533823924216,0.4498225742017289,0.9564420431852341
1.4640954511551125,0.7787550687333,11.69993218412812,1.3124771702880103,0.4488249917798498,0.011656279556804648,0.9561218768358231
1.2900668049499895,0.3267237265213272,23.372623313585166,1.493745423888661,0.2683975858478964,0.4324780645386224,0.9560015052556992
0.8317150052282446,0.3478164126534893,39.15938470582523,1.3576365225567013,0.21618082746489306,0.19228811604584406,0.9559206813573837
1.5682542616395887,0.7994353995319997,16.097838295404866,1.0137178340552222,0.6729430745116272,0.4011880892928721,0.9557976871728897
1.4462320577369279,0.7405857313830491,15.714873342590378,1.4125258799013962,0.9208519909868069,0.40861013371986094,0.955735020339489
0.810328663068986,0.5689462169296109,21.277024900491423,1.5035723560940402,0.8364590369416133,0.40688934483056527,0.955451026558876
1.184934305681199,0.3042279979677256,22.97712810843304,0.8043974273395154,0.547308068456295,0.010776188238643012,0.9549843221902847
1.572059485267599,0.36438854440350443,24.95332267826837,0.9470021469029363,0.8575938791110991,0.03230425047533585,0.9546954482793808
1.0923442913154382,0.7196160975467775,39.88849806330133,0.9088527413581236,0.628874629300478,0.4533119065807901,0.9545361399650574
1.492763682443205,0.34208206981452133,39.13326651974788,0.987196057031121,0.5673876298520805,0.359381123399007,0.9543835669755936
1.5374408150184986,0.6826685016000142,35.82704029012525,1.2271193351829095,0.9626592341600958,0.1313208710630942,0.9539487808942795
1.1660277067859626,0.3118568686668678,23.0664112349084,1.0205095803727828,0.9135673462800725,0.4371462846392927,0.9538261443376541
1.0694643061453004,0.6726277958377556,39.69149061830831,1.3230396201752097,0.7019853190047528,0.45517881265977683,0.9535978063941002
1.5923262556181035,0.6194253803153267,11.046317487614717,1.3308757504712507,0.7147671907112435,0.09566254076728899,0.9535479098558426
0.9648615503045245,0.3055891912694682,29.998003261528506,1.362339570181342,0.680654697204119,0.01728227119880295,0.9534787535667419
1.5709380316840402,0.49161542337630315,21.90864764226744,1.4007506926435072,0.9453052896511893,0.48442501121122805,0.9533149227499962
0.8497274473699546,0.34565900695772034,37.46409579577009,1.4706657010627506,0.5686861598900735,0.06337143442351562,0.9526442885398865
0.9231827390886017,0.797126572257951,21.27503618224364,0.8693812037775771,0.11554883831893237,0.3853594441496228,0.9526137113571167
1.2152777369203815,0.3168630816588895,39.373200072519055,1.5514944815664102,0.6636199116756542,0.2917178828063553,0.9525737911462784
1.2353166797271629,0.4120952756188299,36.01887445146507,1.0500169047968932,0.9891157806470751,0.38256063520876976,0.9524124786257744
0.832937746605304,0.3976413076742575,34.092419981422154,1.143157760164263,0.14172324480299842,0.3891825603491241,0.9523975849151611
1.0349013296322909,0.5950190298592902,15.907538471278716,1.234510059598326,0.9875521721907475,0.4464554723414412,0.9520357698202133
1.3546136189916438,0.7955604987312823,18.604984031712487,0.9968084055663264,0.6100994181043402,0.01838489221788086,0.9514263272285461
0.8348910126663569,0.7175297957695729,12.588951331832284,1.2120630477476615,0.5059842696634583,0.4310956947137896,0.9512803852558136
1.5034827157005721,0.453247478957431,11.248037167478003,0.9927927721226077,0.14527801391856823,0.38972971069264756,0.9511399865150452
1.57902958092166,0.7681806233103393,32.59726157547818,1.003806533421673,0.37633057068500664,0.44950871454936486,0.9508180841803551
0.987834529236124,0.3858703531607871,12.210680276589184,1.546553560185845,0.32936890792923973,0.03592533193749989,0.9507207274436951
0.9202209534600585,0.711286406596026,23.59984075252862,1.5811108314425315,0.14219270185621538,0.04106256560389798,0.9497692137956619
0.836585818312743,0.34531960540898227,26.7328561891588,0.8408839985633226,0.45181972412003635,0.3735878988678141,0.9496419429779053
1.1667376621193304,0.5901568033079461,10.45949139354708,0.8473019477091297,0.8966752628570053,0.24102096436252737,0.9490343481302261
0.8493426661362783,0.32112768867605596,27.62132465050229,1.1026482556168429,0.2599757792522013,0.05227202791741967,0.9489945024251938
1.5917365217302308,0.6912436880129428,18.312833081611956,1.1637831139447623,0.6734227055377621,0.026044878067452447,0.9488160237669945
0.8750764671516779,0.611513385877225,38.9293375067637,1.265789382369563,0.10359434625736706,0.22056890725231193,0.9486307352781296
1.2806517725056412,0.7064667645427744,10.473246390813006,0.9985493359674378,0.44708619970184516,0.046540329170649576,0.9485201239585876
1.0838017128541209,0.3709148045238348,11.173000763264538,0.8026544302522447,0.2587043661196885,0.44196217410891914,0.9484802186489105
1.5856653994424978,0.500341056305818,35.87301770559824,1.4083747545842105,0.4276472542656343,0.0590491313252356,0.9477941244840622
1.5967672360682834,0.4603950139249713,28.1013289547418,1.319539992642973,0.8542552053347017,0.10306371752727203,0.9476114511489868
1.2126176498020027,0.6520819341973578,16.011981281352252,1.5565324276723318,0.18701102467250544,0.47840800757604063,0.9474422186613083
0.8383001101780257,0.5880807310609999,22.309860911367064,1.3691031031405965,0.9605355896512235,0.12162808824697977,0.9473507851362228
1.553209210424376,0.7136297487641403,12.675759743783651,1.384929466065977,0.11750620070208526,0.03636618706884063,0.9472999721765518
1.3132665150948353,0.31265946542764583,19.206195254328378,1.40136165925564,0.9015852105424966,0.4355064191620204,0.9468583315610886
0.8072137230972408,0.4867202485222711,22.35581424941244,0.8889502783944961,0.960914003175061,0.1617377664152913,0.9466434493660927
1.3117331093432536,0.4005336294321237,11.102847984678801,1.4283335789323248,0.8810747298388777,0.3956198740526469,0.9465993493795395
0.8395440128985605,0.5268609206919954,37.98341247650755,1.0789176928299637,0.5913112514135016,0.4443035979596873,0.9465309828519821
1.585774592066632,0.4752727171500909,36.06777167533238,1.2372932744654606,0.6992461369162534,0.14839012599435925,0.9463445320725441
1.4386205707699538,0.7539074992959336,22.801225538391066,1.465447205640964,0.7780666690876356,0.4681565591495739,0.9462764710187912
0.933291902398087,0.7481597120331034,26.10656647755618,0.9192329227163712,0.9520966814762202,0.3562145019240057,0.9461518079042435
1.4843808412055237,0.5285201337697458,26.528754537549823,1.5671743338745632,0.9700997338176941,0.017382676314234496,0.945939190685749
1.4433445056197065,0.3195965516308894,10.086243862924146,1.1359123845730112,0.4055398183570046,0.41373597070835205,0.9448806345462799
1.1971218916796489,0.7076484730193768,12.29708373824166,0.8682724270889395,0.826303589378397,0.40508465535477534,0.9446256160736084
0.9996111246598466,0.4069317150558927,39.0026515925042,1.5798966807709018,0.30789803773737134,0.01186543149182913,0.9445551335811615
1.270399036195478,0.668330711883236,13.775498014287457,0.9029563252029073,0.31069309569085635,0.019574821779250833,0.9441752880811691
1.204765474930903,0.6813998004523598,11.895896193083763,1.4190497815758627,0.8731166012341645,0.3739607998306751,0.9437065050005913
1.5904752861736942,0.39751073009333787,15.953163078755878,1.5577147409437835,0.40064093036247683,0.1211715771265166,0.9435080587863922
1.529745010557075,0.48707334806763974,31.992226128081168,1.525563416665692,0.4968433202870536,0.018060740020268168,0.9434956461191177
0.9057436739642328,0.31980709070390423,16.914242521016924,1.3574767767610618,0.11563482066077198,0.2563798266441428,0.9434462636709213
0.818164694438488,0.3322554092678763,12.807203190268021,1.4222296159046495,0.7147958778605003,0.16901229382926036,0.9433950483798981
0.9027921082282627,0.4348053746075024,37.40749121177121,1.0235726543263088,0.9975314361958763,0.11953974460613367,0.9429353177547455
0.8769699227564524,0.3366690228428799,22.658766703875607,1.0301962459329692,0.45344431562076515,0.49342494479380394,0.9428486526012421
1.2994583382033313,0.7879215650350848,25.97005980253031,1.4682827746540617,0.13542457311471412,0.006741169810837075,0.9427600353956223
1.5769918503160834,0.6845193655376395,35.539707740845685,1.307786582674586,0.6126097459014589,0.1262228539646528,0.9427504688501358
1.2818367844160021,0.45912127888272,22.098216643376247,0.8241562321376285,0.9733508994020457,0.42761686059655474,0.9424325004220009
1.0147744524432896,0.5235673338986861,15.400119282341393,1.5469392477018382,0.8506209688224424,0.009299248474753536,0.942132294178009
1.4794264846288203,0.7078418104454348,38.70982102144457,0.9536503673060955,0.6497481883473261,0.3621055212976642,0.9419333934783936
1.4642829756022442,0.769835000040648,27.446221972256037,1.053314077918579,0.9328599824536719,0.08301002546536812,0.9418760314583778
1.3940825748443568,0.46498546835450005,11.034553803056864,0.9436565119297828,0.8780988406922442,0.05391191021256076,0.941366121172905
1.1037971756398821,0.7830492097317507,38.15941989516814,0.9462891660337626,0.30965386464444067,0.45146618203912364,0.9411210268735886
1.4217826716593032,0.43592645451108775,33.92482617483198,1.4815737051064173,0.9866268589146285,0.4372374199196681,0.9410769529640675
1.460952447042297,0.6714119738754613,30.323356435766833,0.8473963724565732,0.9587762773225278,0.39496368970178464,0.9407992213964462
0.8308261520188801,0.38066248326584845,15.572982970821077,0.9881769552984758,0.8851405032997774,0.4136933528602845,0.9406071156263351
0.9321073686192607,0.7846702152806313,19.764399714195342,1.352290783221182,0.9245392974938076,0.34063065769430784,0.9406049996614456
0.8059279581725242,0.35578006866460093,14.3858560054921,0.8993565560225578,0.35470835808115886,0.36525655971812365,0.9403832852840424
0.8040785294103481,0.36760109550398684,38.0804094325803,1.2139004366542931,0.33772672381335805,0.32023634225440195,0.9403631836175919
1.5990853369500395,0.496623404302122,36.09798845366524,1.069550404743691,0.6761446047777139,0.16422148555110094,0.9397009611129761
0.9040901472747249,0.37969639643707487,13.068331366945895,0.8821763785258442,0.9601331804477814,0.09057870069059065,0.9394746273756027
0.945561017788286,0.5485116064804387,10.088532948647284,1.0629919033493713,0.10890900884878703,0.3360303505899423,0.9393433630466461
1.4619368001851683,0.6170540902705419,22.553276961025304,0.9572482925816055,0.9813795318509942,0.038655435353243985,0.9388328865170479
1.2348227436690817,0.7923696413488825,27.470071571535534,0.8181358013572616,0.17683734153572667,0.1536608703492058,0.9382079988718033
0.8055448200382593,0.5477325600335478,28.549809659032316,1.4175560788079125,0.6769032117243334,0.289693290506376,0.9380448535084724
1.301705714312014,0.6820919083409476,15.634525952949495,1.2113478939823938,0.8472773384394261,0.49680896815298303,0.9378828182816505
1.1075354420699575,0.3642366241582896,11.363100642766979,1.2826424111128032,0.41935504926234246,0.4781313883162322,0.9374569654464722
0.901821218990198,0.3282791792901639,11.415481358191862,1.3908973375583364,0.45694233568303144,0.43113090861496667,0.9373157322406769
0.9635751857440625,0.3408766634818564,29.789443672575437,1.4679912349716528,0.5982971866907154,0.4722822379797357,0.9371190667152405
1.5687986761631645,0.7717157424369897,32.340347330866315,0.9158985113309278,0.17305938584246544,0.2259109373501202,0.9362925514578819
0.9271875233182638,0.6074818607958654,10.645262022943337,1.5880069144970728,0.6827068281324001,0.3025827372696304,0.9360495507717133
0.9092431513146423,0.33021637543446225,34.021180769792814,1.4091503907058112,0.908162358710333,0.12979705650979276,0.9353760033845901
1.512303962431532,0.7734614571083634,34.97270593581358,0.858739965649362,0.48034689121578333,0.3503473810555016,0.9352899789810181
1.2768912048735284,0.4983942616989372,14.009204950988774,1.439952894049843,0.6117439751034333,0.49239663501977293,0.9352562725543976
1.1712272026930228,0.647253494589155,15.967302484635246,1.2360349888260527,0.9277381259752543,0.47707515284790125,0.9348852559924126
1.3850847309673169,0.7668423230379482,19.9610967374758,1.200504614577421,0.8235975374314448,0.033649229069308124,0.9346354380249977
0.8385686955431321,0.33273380410223025,33.85575506910715,0.8724598138342201,0.5088217893797025,0.32739705588473117,0.9343691468238831
0.9213404638928543,0.7590837643851842,21.200596520847355,1.2233029677240073,0.9497479686231606,0.4156234455809941,0.9331487268209457
1.2558598734248607,0.5230661125872147,12.824772312837126,1.3907189404516613,0.8716700430126905,0.4448376953084323,0.9326445087790489
1.0388952202862143,0.3014996373393009,27.970903759914496,1.5733894340131513,0.7246027935155555,0.31194711094965566,0.9322749078273773
1.0210775482984102,0.6791256033437616,27.06605110314571,0.8017587097864137,0.9921289060027944,0.03260042400028478,0.9318278059363365
0.9152934424577619,0.628809822917427,13.029004582141082,1.5548694463776316,0.8997328654781159,0.15838380572243443,0.9317347705364227
1.472550729975332,0.32012518295813847,35.42287118708397,0.9494024958820344,0.6271486763685712,0.4146989668419305,0.9316104650497437
0.8718223178165956,0.3897970240501146,28.870943105756915,1.376428002088427,0.6566711110621378,0.485963830082145,0.9315119832754135
1.3988886792151802,0.3214197734352103,13.980672568105499,0.8977000202013582,0.24944929969170834,0.27443263198350243,0.9314163476228714
1.5730078356082577,0.7282934119533715,14.743262143492622,1.0096944983148326,0.4598372027592076,0.024735371196596686,0.9311962202191353
1.4266986104464867,0.7507811454508324,19.3633725569831,0.866746721840244,0.22096491466771195,0.022924932841628724,0.9303906559944153
1.4959680262505528,0.7688939745026051,21.75492947504354,0.9755217963109086,0.8951455807333936,0.4692447000695533,0.9302185475826263
0.9835730068960113,0.5358061260343498,12.597983657082661,0.817537864729598,0.12532732370864322,0.21870341136991447,0.9295552223920822
1.4701527593316341,0.7845496646725805,20.26462582984803,1.581450995195921,0.23391890934045712,0.017328705525127653,0.9293085336685181
1.0977377136956545,0.31602190721159545,29.306911428463938,1.1726155619059917,0.5946186659371677,0.46813863238653786,0.9292136430740356
0.8557306517855803,0.4319377623004853,18.204959876292126,1.559928616726506,0.7611831152112336,0.48063616800553743,0.9291963130235672
1.5393976656553616,0.5209050833925164,36.71960282598754,0.9461591563788152,0.8315150873250508,0.07351099221453163,0.9291712716221809
0.8558058190272106,0.3054867111200859,28.739240576520313,0.8314261502209724,0.3801281899581266,0.25728859040617924,0.9291446805000305
0.8292456750631273,0.7907902186612794,29.41174731607421,1.1551718177385524,0.6026427836585788,0.3756904297686124,0.928737536072731
1.175041702064794,0.4478496720357606,14.129878601593706,1.533761309934383,0.18005386233451642,0.32571377286374054,0.9282212257385254
0.8577374333505615,0.5167449956568911,23.551137757944737,1.5722003338666775,0.927892615446476,0.35146381538297294,0.9281316995620728
1.5939767517140107,0.3158664876800451,25.87821447694432,1.137490681882884,0.6980061939681094,0.20197661402788603,0.9281190484762192
0.9819274406665798,0.34855921586784616,21.344731094389985,1.273216927919517,0.9517715622771769,0.38777800733126666,0.9280729368329048
1.2101091632023473,0.4570699422984277,11.839044070619423,0.9611638975170541,0.9627723168215456,0.297611065506023,0.9280382692813873
1.5746718014435181,0.7516989669639007,23.157632085055255,1.428827516468725,0.6667534639473004,0.4215587128165417,0.9279744476079941
1.0954458623081273,0.6962784430454281,28.689831713379636,1.0441868098559866,0.15213786341578045,0.01941582384046214,0.92789626121521
0.9505231554293925,0.7317682523252563,20.550546356319984,1.030884792177462,0.9261144574160316,0.010561224085675521,0.9278167560696602
1.379230248866023,0.4621736752649554,13.95186920007183,1.4666964298474001,0.984182513158502,0.3203513271036566,0.9277802109718323
0.8049278767363489,0.6509462565123283,31.502294243744466,1.1436210029145308,0.14657861558341417,0.4535464424055343,0.9277540296316147
1.4980427206731575,0.44710281590639833,11.352895688079652,0.9853550848419512,0.8660178823235065,0.04168134709443231,0.9276997447013855
1.5801468771887934,0.5144740000109148,27.72476813113166,0.8519964674234325,0.6759594678516271,0.08086384489476788,0.9274812787771225
1.004789984832278,0.32409709448749835,15.199155169534011,1.5685028216741643,0.7626609856999854,0.0236137451660439,0.9270037412643433
1.0120086442968055,0.7772523877877937,23.721483948396966,0.9539231850797011,0.21700533365536753,0.024081780652963753,0.9269151836633682
1.3068372290781514,0.3273414509291025,35.061947128447805,1.2776027161242798,0.9988682391764256,0.2033960647800078,0.9266883954405785
0.8884571992182517,0.3416128592058266,21.18584027440479,0.8897017966676816,0.42860260746306666,0.015295791784765317,0.9263561964035034
1.436631270472465,0.36085739369275693,16.03101736951065,1.573085888951892,0.9162351241727643,0.29538788696616075,0.9263288974761963
1.5771393804039222,0.7979746175287182,19.166016497115073,1.3999728327042273,0.6320089738613266,0.2384935063817984,0.926218181848526
0.8722178734894864,0.3920835262491677,22.87299379847513,0.8827023086664428,0.7662942121233417,0.4661533324579414,0.9260982275009155
0.9253718150145009,0.6543770579598409,22.45675190944828,1.3314135414056332,0.9563565476594516,0.4485270511503445,0.926038071513176
0.8876491118126074,0.48285227416625665,11.723538244429857,1.5978243979120663,0.6657606290849422,0.22938963839527451,0.9255167171359062
0.8284022853610623,0.36816570845063035,32.802720450643434,1.4435951772272173,0.7894565015257804,0.1520712183021233,0.9254518002271652
1.5999279043413548,0.7492165071308357,15.359931618325529,1.1014886756278839,0.7963332760320133,0.33914864449221543,0.9251066595315933
1.1552162633008232,0.6128559337676934,12.62068212431509,1.3575707136986108,0.12446028152989412,0.43851579184673983,0.9249809682369232
1.521150662148004,0.34106037610085443,17.09759992167696,1.5099629402822956,0.6747304958751773,0.07557308594493536,0.9249064028263092
1.5571577109124601,0.6140001658559802,36.553454581117165,0.9428372210211623,0.10644389560246278,0.15816187654820654,0.9248952493071556
1.3478594684590512,0.3542856557216801,10.51077270568725,1.5945467869020917,0.33537129600355564,0.06927303972143492,0.9248635917901993
0.8255865553262781,0.3248894019480602,16.501204463297814,1.5244152386475045,0.7557299531804388,0.3482653344866131,0.9248377084732056
0.8313519719477226,0.42574748544791585,36.53019655406204,0.8184958879370327,0.7017487393111064,0.017586532273667705,0.9247772544622421
0.9565233120365869,0.7638042534972611,27.23443512112238,1.587648305528621,0.6004965242082518,0.4207897139217522,0.9246816188097
1.248486558021745,0.5088410313146566,39.09739111208629,1.5578705866291425,0.203297800663303,0.3789476606489958,0.9245981574058533
0.8717593186593136,0.5628071432324648,39.551151276866534,1.3706370572904127,0.7212692263812281,0.4228970645612123,0.9243422448635101
0.8120676412624535,0.32715822154544427,37.44432487489917,1.2751453533100028,0.34354516607846475,0.22050021796150046,0.924303874373436
0.9473797094980917,0.34157910647032436,24.069301461699155,0.9435296274544827,0.9703516996256782,0.10361749329197233,0.9239739626646042
1.1243365510536067,0.6414077210170068,39.6702939270221,1.500730389128805,0.4934032775609348,0.43615934864748207,0.9239681214094162
0.8630379860482084,0.6385747730180047,20.472226084029124,1.562659203080197,0.7156057627810627,0.17565478300390375,0.9238223880529404
1.529415815682925,0.7670602885746166,25.45514725794093,1.5427346208907824,0.5652148902855171,0.0812332255024291,0.923760250210762
0.9589436131292898,0.7944187439676949,13.919497539795813,0.8751475317027683,0.40270242922185906,0.09129045813129215,0.9235722422599792
0.8187734972122239,0.5191585016578177,27.486128194004536,0.9669435035203068,0.9074562485094709,0.056032244457410924,0.923465684056282
1.267170331163297,0.4227681895823721,23.380060136699313,1.500134500140234,0.11614154772827834,0.3568343778205787,0.9233326762914658
1.3675800286016067,0.3850361774727197,26.918570679433643,1.1642808045978335,0.10062314586436868,0.48857636883435324,0.9232710003852844
1.0267653379072488,0.45446528439194667,26.908371065503616,1.5588820479314223,0.6173596082236978,0.47877542283316943,0.9230151921510696
1.4666914117461427,0.319152909554562,10.551672617804805,1.3123726028340612,0.7338906025030991,0.33730185639803584,0.9229308664798737
0.8901850132689577,0.39605341813879635,36.001732392291494,0.858331672659423,0.6049829281831294,1.7695326740093365e-05,0.9228514134883881
1.240488165218785,0.6665523359829979,23.75748903870773,0.9073757492428938,0.153456170931348,0.00957660439275849,0.9226958006620407
0.8974660287168189,0.308013192732627,17.157587380660768,1.4835836721465256,0.49816035860182184,0.4222037343499415,0.9224588572978973
1.2653301144250075,0.6911073233568432,10.903406475835915,1.0922359225858587,0.6129820686824413,0.012846621891169547,0.9222828298807144
0.8885081076180685,0.30376078183125377,15.21758175922428,1.556390997581924,0.706240242931333,0.12555311661095883,0.9222724884748459
0.814185868689216,0.3152659465814373,23.17071802148399,1.0226710150236926,0.2724585730425505,0.15188837056616789,0.9221465140581131
1.555376672628928,0.6686031444683942,10.220579711860854,0.9548643349568828,0.7797748946956107,0.34787864117371403,0.9219599664211273
1.431228393787189,0.7718519027927908,27.263731091487134,1.477098434162845,0.8096319295590624,0.37922540417832473,0.9218486845493317
1.4934861852116295,0.42615631558446876,38.013618069159826,1.0982996530383669,0.9833858849333021,0.2854634668909815,0.9210698083043098
1.4949833796517074,0.7616762885443548,11.30031280687897,1.0086457124188053,0.7267398724489434,0.4330391533079095,0.9208962172269821
1.3753482308346472,0.7642099465679116,14.379763770051817,1.5477467260972082,0.7478640589925294,0.3264519292544068,0.9201280549168587
1.530760887662518,0.727938255184173,22.963578219449367,1.077495605927446,0.8244028671558585,0.017168994489154533,0.9192952737212181
1.4403965416010807,0.3700234312884466,19.57720440925292,0.9368433744056829,0.10990699756140304,0.11611841947490217,0.9191935211420059
1.5819939855220253,0.5977854436378824,37.83919010182726,1.141823126335924,0.5398084583645237,0.1733251602782859,0.919172614812851
1.183142190973287,0.46287110528050984,10.407801456593239,1.4042912759416235,0.36719419090863104,0.4419436757799518,0.9188414663076401
1.1475243396657104,0.6312118104238158,36.85205172228166,1.3601032601713876,0.9916064646039372,0.04423025245267638,0.9186451435089111
1.2338631157869675,0.7857538765672465,12.190555364531136,1.5720740355928908,0.5944052405265644,0.1412172682888107,0.9177554994821548
1.5257674601295435,0.4066352587645215,10.86654864182732,1.4081479464414866,0.9315141105675832,0.33754346493702114,0.9177149385213852
0.848101013289245,0.3034235099951016,32.73956800298468,0.8490732873885388,0.3971928823758025,0.19626070937562587,0.9174166917800903
1.168032385513708,0.38444188830161785,38.748233631181385,1.3679912401989403,0.8559457874168156,0.3770908677149539,0.9171760082244873
1.5096219398136832,0.36712468969836454,11.062045331930523,1.0962756158367668,0.1923202646404003,0.07684220485422918,0.9169395565986633
0.9692651736005492,0.7338583387973213,13.192579183496417,1.4964422327157316,0.7367933306584684,0.012882353256728134,0.9169394597411156
0.8931861366987492,0.6843576830530094,19.29016475543792,1.5570777477558442,0.5122141587536367,0.010807487757644852,0.9166933447122574
1.1804013561055726,0.7707236090163446,13.153591390442468,1.0662732005037356,0.8215603743016746,0.0509037025876717,0.9166908860206604
1.5405151867689721,0.5717686420853961,35.870348021870115,1.3563382931422958,0.8586765988353146,0.05924765828871624,0.9166529551148415
0.8939348185156168,0.4318113370344135,39.66545310827643,1.2497824926438563,0.1383664182750926,0.07844632865405014,0.9160518944263458
1.4062910594877067,0.5870688358942528,17.753951783376696,1.565591892332486,0.8375898353932884,0.4493955220428879,0.9157963171601295
1.0488904172120552,0.4417685780943757,13.842636579857357,0.8261458712348042,0.753131429629492,0.46977645848474475,0.9155803024768829
1.3634080358354177,0.7986553476737241,19.119818836620087,0.8214020243153554,0.6914563188134439,0.13730939420302427,0.9154380857944489
1.1828923431505456,0.349696815926334,24.227229894148763,1.5136490482438758,0.12830234306720656,0.019382524882895453,0.9151419103145599
1.551379439882671,0.769429369897364,17.807938398942596,1.4597637944175337,0.7319513652360609,0.12390974963552767,0.9149785935878754
1.348685102607433,0.6491749050772866,10.16605906623533,1.5089675966668812,0.10408684638818021,0.02680693744672877,0.9149749279022217
1.5369453471906307,0.3342549576155369,36.348290114311965,1.3808198972858707,0.7420418037332365,0.10715405566510142,0.914875864982605
1.3685549532963162,0.3099902125257647,38.977719898338165,0.8269461993760214,0.269397836158773,0.19771769951790488,0.9148289188742638
1.1025040837296973,0.39414752153011245,30.110128383523364,1.0098743705752673,0.9031863171225621,0.4723251856434198,0.9147446677088737
0.8454114563300898,0.38484360771661685,35.75325298862478,1.3607354760246708,0.1349260049785615,0.12301419537595866,0.9147131145000458
1.328622853281443,0.7734065116774681,20.317961716027426,1.5557142401653508,0.7562601269706187,0.10643654386453325,0.9142536073923111
0.8567526453745657,0.7553618343340525,14.272555498698463,0.9125957422568325,0.6952207339377626,0.058591037691699384,0.9130355417728424
1.5561284427734499,0.31967605012739686,30.472324235014938,1.0015463114849577,0.49963041531772034,0.42524141430413376,0.9128051102161407
0.8402202851019727,0.30027094688795836,27.80150989798441,0.9229242349130924,0.3088736469841243,0.22991523788966434,0.91268490254879
0.9702875705587924,0.7455120218045687,13.447107142385157,1.3944257535509506,0.6184340957822507,0.49264118496496556,0.912551574409008
1.3681827420241222,0.7184752483868648,31.794194376111133,1.5539276901003611,0.6862041448876587,0.4099815908497317,0.9125075414776802
0.9216899732996082,0.3725574461782718,10.41182306818446,1.4596333548760936,0.9933713722502274,0.08863625738330529,0.9124695658683777
1.49176969452859,0.4277510852741089,37.60053575782153,1.457152072800355,0.11241303465093987,0.09610980295430502,0.9124483615159988
1.5338917598862147,0.7696348014250363,28.664511296445973,0.8330117180575322,0.2582448479517849,0.06023614336252438,0.9124288409948349
0.8073722912995847,0.3621239052616327,12.341365235007565,1.263206109951018,0.849993400438069,0.07428899089211204,0.912401095032692
0.8674733653468278,0.32301553024811624,31.4784240725627,0.9177454155268082,0.20278033109503107,0.24070549317090403,0.9123294800519943
1.2789391590155526,0.5655063276745939,19.419868102920248,1.5821212914928173,0.8530378647730696,0.4052214123203526,0.9123291224241257
1.517899350138046,0.6987843460783036,36.21021247923139,1.1577015542057365,0.7986477245070429,0.4637168299875755,0.911699652671814
0.9243331763137741,0.5588311836619795,36.67248441430276,0.8946231653647492,0.8999939243002935,0.3078892830314418,0.9116067886352539
1.553044555277643,0.688423652138315,32.39217722303643,0.8080932023204187,0.1392687572632032,0.13387117284257655,0.9115918725728989
1.541748094944308,0.46903183747025823,33.39353644917818,1.5775669198618383,0.5901709544726761,0.28886386401226793,0.9115096852183342
1.5159297960921672,0.5348568529950449,25.291618343306965,1.5368466339607367,0.835940680627932,0.4873833037480189,0.9113705158233643
1.4743218052851195,0.7471985823327956,36.205958149527994,0.8397203797196622,0.5063843588764785,0.08798030295258205,0.9108977168798447
1.5029322308461057,0.7367008914827925,23.25411224046686,0.9618403902865884,0.9716303751961096,0.4031103562867754,0.910473920404911
0.8326013262823213,0.4007805572487189,15.831978913040864,1.5321981127323123,0.5444706776456861,0.11629695912642872,0.9099695608019829
1.12348051343202,0.6305656628177001,27.15097149132023,1.2756131022800268,0.8736721112023644,0.4906263995250935,0.9098486863076687
1.0936402016521634,0.7227020410608898,39.78084032751443,1.0878096974226887,0.21370485901111047,0.49447294642290446,0.9097047597169876
0.8196429096879033,0.34188283645443235,36.61580706905238,1.2039381274673246,0.7730832426435613,0.3987666248027085,0.909466989338398
0.8027086014232114,0.48694160944457715,20.016866752038197,1.2874540004309893,0.6159520950346732,0.4011091557489301,0.9094555601477623
1.5267903120437618,0.5934673026672657,37.447266895860764,0.9073581577988747,0.6635754109389917,0.08810711065514854,0.9092101752758026
0.8605565386074567,0.4626273901227492,10.697841454206902,1.0621262912898484,0.11567257091288,0.458655627927149,0.9089838415384293
0.8626359705623604,0.3050030598036362,28.0587267338164,1.4269318426380089,0.550922046943904,0.2720451186824397,0.9089077413082123
0.8195313995708812,0.3112500425941243,23.807606824925088,1.101791116235781,0.48326870599729976,0.17244007837455133,0.9085999429225922
1.1970569064199177,0.6471787846045208,13.007146126303612,1.5516431847926935,0.5592780704104295,0.40243345324052854,0.9083563089370728
1.4144394740906918,0.7685606176518165,15.516455103718403,1.5598606283983567,0.7370513167974888,0.22029941495850563,0.9082455709576607
0.8056101992216126,0.5938718058723422,21.281022584280258,1.1507595972657538,0.9153501681837498,0.09417117712570834,0.9079891890287399
1.1315660986519025,0.6990698816250911,36.27121207190924,1.2436519170107079,0.9734548463341346,0.3901351393725444,0.9079007208347321
1.5657327282322089,0.33673308502242966,11.785299927266811,1.4617212263164734,0.18271288094771848,0.03687989209080367,0.9078720659017563
0.8283939814251551,0.4117776516148413,27.38069155183118,1.3931562909194506,0.8414306002781241,0.09158013456738193,0.9078640937805176
0.8682679186873111,0.705276004214341,34.59963176192758,0.9381850596066313,0.7661818410365326,0.4628722232762495,0.907748818397522
0.9268721105053254,0.4645592917034175,28.694929792879925,1.4835009109798791,0.9567841254557901,0.35992097502914655,0.9075513333082199
1.5484802491571226,0.5754704404959363,37.81727917156602,1.0568353061294682,0.9668899016326423,0.136802206262995,0.907522901892662
1.5233547504539222,0.33080977832516384,31.791408155277445,1.3080582935558653,0.10698302220431233,0.15440830311573672,0.9075144827365875
0.934630445112177,0.7500696489507281,23.32265291599829,1.5782403808153047,0.8246569272896801,0.3288370110638785,0.9074606150388718
0.993811167660614,0.6253219639522196,21.197447607633126,1.3917579965562554,0.8883661465241253,0.4703194573182276,0.907424658536911
1.420517157343759,0.6746874284671949,39.08818053137777,0.8448487733945744,0.20967996692104446,0.4212948531716487,0.9074079096317291
0.8675392842151252,0.5827140080152526,13.198123115230013,1.5476203151062589,0.9400611956930833,0.4403820204629125,0.9071240723133087
0.9270897769169144,0.7382111585669457,33.48802810176812,1.5757853242642637,0.4211362825673749,0.4096740278838074,0.9068957418203354
1.264417416192641,0.7766054817284475,13.814260469943978,0.9119594521030404,0.22527298970169626,0.09064264563802633,0.9067607671022415
1.5143458654941107,0.7180980629219615,20.056370720502795,0.91631290186977,0.9828461462527706,0.23292108578888743,0.9065370410680771
1.5526319150585672,0.42117790844639075,21.139681239389372,1.5096919081875775,0.7076772920354014,0.08133294992240672,0.9064378887414932
1.120084237366728,0.6679948980356851,12.94666281830073,1.2070636742440164,0.9101043974741306,0.01919361921510286,0.9063151702284813
1.0316723912871208,0.3171460212472962,32.83209556899998,1.1208855730732106,0.8704158450237482,0.41691002714463365,0.9060852006077766
0.8864811811305824,0.6168849198182059,10.24146303140121,1.4242110393803202,0.5634657289996239,0.4251413473240452,0.9056010693311691
1.010167349591657,0.6547930931956941,17.84313809334019,1.527685811411985,0.9944235923425946,0.23653859413748213,0.9054090529680252
1.0323064715535601,0.33042132474388686,13.90473428500012,1.0639869020090078,0.7226607892893158,0.46915103915740863,0.9050790518522263
1.5577191337820449,0.5791348483579077,34.48549189981038,1.003861364556542,0.4335105788615955,0.014453534704287688,0.9048695862293243
1.0959625725657034,0.3235510097173797,32.52696688753864,1.523644458224057,0.8957758739835018,0.23087453229549357,0.9044893831014633
1.2094477448918979,0.4181746764407346,10.313195501969707,1.18313943289129,0.163368414826969,0.29407897773263025,0.9042211025953293
1.5569517300994682,0.7392429766910936,31.538818793623285,1.048621502549996,0.7388413752698182,0.4457011010971405,0.9038918763399124
1.4791069470237082,0.7475278656935677,38.94334770746784,0.8663953741016607,0.34247312649862094,0.24109943026784175,0.9036948382854462
0.8873904181440148,0.7603542567765693,37.72897745715368,1.028606366559249,0.5683834545590936,0.04711843463676374,0.903626412153244
1.598155810971815,0.4986744441336476,28.78582930515001,1.1283258292614295,0.22468477764901268,0.4918085269149304,0.9032915681600571
1.4092051627825128,0.5869528556055164,12.6892338803242,1.5010793591657468,0.9432461691684239,0.029905202433276424,0.9032390415668488
0.8030327376152652,0.7622735417932085,16.135168307524218,1.4104901543641404,0.47192845766775315,0.10062413104341272,0.9032001867890358
0.8848629187288172,0.32206846519181576,21.672540719096144,1.4560238324974861,0.21831101273047238,0.38018014955753,0.9029804915189743
1.337753892074185,0.633886221495249,23.800041221568403,1.320911756355268,0.9248459278419332,0.4944248158262816,0.9025378972291946
0.831105742810827,0.5792333032728396,13.637651818887598,1.506807957742462,0.9050805463058663,0.4766353725003795,0.9022782146930695
1.5785333510081356,0.5270326804924981,36.1891157969234,0.8805852112803068,0.5483435953526968,0.25884162332234,0.9022780507802963
1.0358103517319734,0.7601437839665199,38.45785920897029,1.0300659918475366,0.5375706690953646,0.46676089051974406,0.9021877646446228
0.8416818668021373,0.33464772155335354,37.93054237826684,1.1196463240984502,0.17663462563923718,0.23996238526098504,0.9018885046243668
1.037036169292816,0.468346597355218,38.38445733496099,0.9175892311450008,0.30537141115890987,0.46902480558756954,0.9018321931362152
1.4426629118358347,0.623483552509092,39.73581821562044,1.4768161918793767,0.7424790657195524,0.23445946784826924,0.9018204659223557
0.8610238729514899,0.38846566358205437,31.046049769125823,1.2077688994882831,0.1602468921769129,0.4430790644341313,0.9016913920640945
1.4789735140830913,0.3443398560389201,30.16849001977717,0.8469294470247425,0.9126156884109616,0.08272748340846077,0.9015514999628067
1.426457485092589,0.6285872728359425,37.17105855434768,1.5396906493835336,0.698845104342439,0.35930982628059116,0.9008956030011177
1.1425188103634705,0.4118762311406656,12.960575477969055,0.9247025823714248,0.9707781339019169,0.060171951370792134,0.9008695185184479
1.3600544298157726,0.30226297163849775,17.931237836603074,1.4997839577082677,0.8757431079298799,0.3262391408732369,0.9006181806325912
1.1516931697480273,0.5780604687707346,30.25268771046777,0.812702952481858,0.10746908263408116,0.167531497144317,0.9000944197177887
1.4588130734163596,0.584501142725175,11.189308845434109,1.1094792877085977,0.9607577771094586,0.4003485076764457,0.9000109881162643
1.4107158639810558,0.7969766152130323,10.808690039014277,1.4124533160811885,0.26906255608037,0.14734642755579885,0.8996411859989166
0.8424149140778808,0.4716610590207879,31.451910116455576,1.1097115010526828,0.4442669298030938,0.48233254460285063,0.8994371592998505
1.5984533234074687,0.44085785957978435,23.651377002672817,1.3029840089604883,0.23148083377618725,0.4449242822277822,0.899395763874054
0.8279438854578757,0.3659855750460572,15.87355643932314,0.9888326105470144,0.5607664457652559,0.09221331642884936,0.8993690758943558
1.14220478643758,0.6661192449805229,12.474141176622217,0.8114552113628574,0.21168583057318668,0.40467390439344897,0.8988917618989944
1.0254572247410856,0.7409954725566548,28.257512571552745,1.0815972820164252,0.9972654101108713,0.052708197573439065,0.8987599015235901
1.2909876569403023,0.7704030510385482,26.211493809513012,1.5104374957478606,0.7430136741967004,0.3836844365479251,0.8985953256487846
1.559261024872589,0.7872164096123806,20.4776633697466,0.834434466660464,0.3699303933758744,0.4824191195086807,0.8981797993183136
1.0519053122098674,0.31832115425599966,30.054236578103534,1.2878157527276475,0.6212617525179615,0.45807465099315114,0.8980417996644974
1.598513398937481,0.430034475468606,34.47500099716633,1.1489758936818733,0.7942246470881601,0.21417214623052314,0.8976743668317795
1.2467124532410359,0.3795551699890263,17.19280925056885,1.1223784369708034,0.9908085007289834,0.27282059197157543,0.8973207250237465
0.9909651431359993,0.5163339614817548,10.669418974822502,1.4623565530114693,0.12301861592200271,0.013964674723751182,0.8973142877221107
0.8053583021032577,0.7412778778020375,32.70190467414446,1.102822452666238,0.5555769682360049,0.20154876134351413,0.8968832641839981
1.4900731059069987,0.3673355102457917,32.10956300864183,1.5273407075555687,0.21552913268268298,0.42417943948009224,0.8966718018054962
1.3388477960521352,0.4136060537970615,17.225884577505877,1.5811380037687197,0.8012703320562844,0.4568687365902783,0.8965984284877777
1.2541384270073492,0.7298699178834867,29.32798006275358,0.8451098718900812,0.27295914439383573,0.01410035481375377,0.8962943255901337
0.984729361048551,0.4008893234107392,10.333316839982825,1.212919631621207,0.15117795946141913,0.35141663092742176,0.896161176264286
1.0012339215507498,0.433221957858683,11.816930594492257,1.5980803588570478,0.8836944466814235,0.1924509674822664,0.8960609436035156
0.8434755945692796,0.7201609553719515,14.502237898513373,0.9749383698830835,0.8837437685946495,0.19417892435205591,0.8960292935371399
0.8525488497412463,0.7617042759022871,20.58630805481068,0.992330384126398,0.16891352846848995,0.12209731683543452,0.8959535658359528
0.9998252673624173,0.6775818487478151,11.245952982285953,0.8741645259221028,0.4425894752536954,0.4949689814170958,0.8958490490913391
1.5803013682797387,0.7061494583416918,31.223641041866596,0.9974159421808083,0.5417591839707598,0.05835169945280511,0.8958136737346649
1.5394682804851791,0.6878968488135407,37.52517071572736,0.9352307059076871,0.6815733372009786,0.32019260204022865,0.8955463767051697
0.9227737752547649,0.5609842710513262,14.19450948907798,1.5706114528500699,0.9409696454705401,0.09700117770444497,0.8951311111450195
1.5008224869327846,0.5679934054932236,33.558504277236324,1.599636819313269,0.8846998617555849,0.13308079576929124,0.8950022310018539
0.8471723324188607,0.5035040218257556,21.561203498019665,1.5953473788705117,0.6925205378659198,0.29108161510801794,0.8942431285977364
1.2419848733614205,0.542199423456756,12.388900421981685,1.534259037442253,0.1854855070792541,0.3417584156147257,0.8940464854240417
1.446617591876651,0.7488460881123374,16.325712073773502,0.8334897145747164,0.1285058398653148,0.16052854721331405,0.8940260857343674
0.8019519654374204,0.7142440340362473,20.45580636035008,1.1629148374060914,0.8619191483257217,0.3942884635766526,0.8939834237098694
0.9019686534206149,0.5896430768040148,12.403165572371371,0.8418509101440542,0.8743008387939916,0.06163499166912856,0.8937085270881653
1.1278288969680264,0.3126332001040413,21.448548210392627,1.2592172714688998,0.7810005086147789,0.3992170963707582,0.8936986848711967
0.9164459301966531,0.6261883024822237,28.672427436343337,0.8171016317313232,0.10166696724708997,0.4131701592645706,0.8935418054461479
1.5809223083617434,0.6600676220417137,29.640568644021414,0.8367689715333317,0.6698426574812286,0.09692627231251832,0.8935278207063675
0.8162601871742361,0.6850282654902904,29.79339409750012,1.0912513614474713,0.8596402337612773,0.23749067592801762,0.8933930695056915
0.9091738334644874,0.3663604041608748,32.27955955324453,1.2511382068866124,0.47282824646751076,0.4882983419637033,0.893325462937355
0.822661014898714,0.6972984801380039,31.920155207268934,1.0716942437471637,0.1444146402794669,0.42720883970766993,0.8933163210749626
1.1271240114501169,0.7250406867770816,15.963276982465741,1.229733850916805,0.10767521797583893,0.43220892602686545,0.8932889252901077
0.9958162050183043,0.7812991460938239,13.536552594055514,1.4237414465164897,0.7366273655256469,0.0008344398528289215,0.8932879865169525
1.5992369165053881,0.5384803872671295,20.645254190089553,1.4566601958317529,0.19218485734569277,0.3963433221835072,0.8931995257735252
0.9872402421310593,0.7247303557366345,26.002445976950604,1.5249585642375507,0.9286417920414728,0.12701241520766632,0.8928729593753815
1.0634596597468458,0.39679096698042304,12.018189170288949,0.9931949400917619,0.16051204231598917,0.03722122980802792,0.8928003460168839
1.0282306654940037,0.3275000984535519,36.840357864987595,1.527496083961816,0.6447572345356299,0.33328634722988226,0.8927649110555649
1.340910452967853,0.7808561200761504,37.54454613540531,1.22817037028407,0.6614920975943779,0.4238223713895688,0.892724022269249
1.5369821420117549,0.7276708107086851,35.836862421750624,1.2819600637316733,0.8321064172660646,0.16165423939353016,0.8926459029316902
0.8673100038806807,0.6148710502838126,28.894026965816188,0.8335456704842257,0.1228344020526099,0.15094458014755255,0.8925729244947433
0.96364850756032,0.344704847616475,11.15325884869425,1.1722193278429733,0.9256612357126918,0.3435434885991107,0.8924853354692459
0.9006365351050767,0.3986953434785124,12.271110981975976,1.5831733085660766,0.6344932576857275,0.18430755354256004,0.8922167420387268
1.016653731169144,0.3828510309012229,23.92162777399846,0.8501093759601012,0.12522133336129454,0.13071295788079088,0.8919249176979065
1.580469479919022,0.7415566462158946,26.09336233101369,1.080587969876344,0.9113008025201238,0.20618699896642073,0.8917509466409683
0.9766688692458636,0.7723141759720841,24.838221606923604,1.4551738235857006,0.7351394264396224,0.005239693206387296,0.8913788348436356
0.8169220109240818,0.3984862642961198,36.457243146850104,1.0856816127069,0.5353319976009474,0.3813970974790743,0.8912255838513374
0.9509444789120942,0.5846896003628759,38.525222585659705,0.8851636478191574,0.6694908661601254,0.017428707205539146,0.891073152422905
1.2044226524047326,0.4035602664611159,38.29976173867578,1.037389520407104,0.8518900526517339,0.48075157060222484,0.890856422483921
0.8715465845731669,0.7007455224716495,33.3116016350948,0.8044605449178567,0.7138752483090812,0.15233297603928644,0.8906685411930084
0.8013342187359244,0.5809574025310449,19.63639447129148,1.0213274059286355,0.7714453082562962,0.3839906377045281,0.8903781175613403
0.9233623587595543,0.6498415467115779,18.148595294163034,1.3391656765030426,0.9873118060054231,0.3815518816869068,0.8903084620833397
1.5136223523890968,0.7086652050640108,34.87497009365883,1.4750649806292926,0.8393166383302768,0.17887260957050072,0.8902633339166641
1.145850218560873,0.5283110060590335,37.76237611104135,1.1636656682149704,0.7656698630992831,0.4928970110687247,0.8902360126376152
0.8935771360249449,0.3018642282961687,25.52453571352381,1.328667387244659,0.8655093971268272,0.39181911272005665,0.8899971842765808
0.8038380209017134,0.4305856368208768,31.188881391956503,1.363060039144107,0.7011695187252451,0.23878551826271183,0.8899933248758316
0.8763815200556424,0.3637788984001716,24.62818700463635,1.1795368179803714,0.1253809039998558,0.48271733437015674,0.889948308467865
1.312906250082034,0.7626942566681412,36.33359285803385,1.0369951816172671,0.7935600846400155,0.4749890428946695,0.8898126035928726
1.0414533211559087,0.44527173731865405,11.638863601073306,1.5087600483289378,0.2968898810215343,0.4080650474503003,0.8897482007741928
0.9288729588540379,0.7106209013707336,36.2575042617938,0.9647182451940117,0.7804798405338957,0.00965067558565885,0.8895832449197769
1.4457406094332934,0.7775715491534978,14.117039501971096,1.4747360091793338,0.2807518384691721,0.4699388960277132,0.8894443809986115
0.8068030895581876,0.5649427624171777,20.74922065019134,1.172957455714053,0.9782489391746583,0.2251574953177211,0.8894351124763489
0.8373925755155429,0.31447298993180234,39.1461938634929,1.0791858436283412,0.32371362742414056,0.13782211238196984,0.8891171514987946
1.4521586702591385,0.3225870298306408,13.713448823176869,1.0412818400440274,0.601780860364587,0.46135561643175726,0.8891071081161499
0.9316541591552996,0.3159343792231594,29.226051444945675,1.2533331193698085,0.16964955989695624,0.32097692630211555,0.8890748172998428
1.4104047167857279,0.7848325499911728,11.290306401809385,1.5474749246076007,0.35394705897264545,0.2002847727166464,0.8888989835977554
1.4030635524828627,0.6201640295360392,36.75444193254206,0.9181252868180347,0.854313344290388,0.027665471257052706,0.8887458443641663
1.4176980250388007,0.31989512296396205,23.279897283922274,1.5491261937839593,0.9662118582029304,0.36827015701477805,0.8884541913866997
1.4242070840754733,0.30120662997016806,13.82369002950855,1.0183508695011083,0.6372645935490464,0.42168335855365885,0.8883632719516754
1.5399956262756493,0.7856952834592762,26.258679697515934,0.9199825842779965,0.8160163274417794,0.4202001378896771,0.8881142623722553
1.3850178082923792,0.5806894252142187,34.271009871323585,1.3940305319568447,0.964301621449236,0.01608605495469749,0.8879936784505844
1.1188829279431425,0.32910588095920623,37.4169061828409,1.5230864614336475,0.8670051080450455,0.1410289074317802,0.8877902030944824
1.0220557879631502,0.3283274521539795,30.27754761895772,1.0139231728233853,0.917518866373504,0.3709621377559349,0.8874424695968628
1.3291338835183355,0.6164749175896767,18.244802114150502,1.569020949107513,0.38262818022129774,0.49334370610078376,0.8865318298339844
1.314868861353858,0.3163709976861779,21.56320685320603,1.585609627820885,0.18756669125115744,0.2342235908651216,0.8864449560642242
1.5465442235602276,0.4490443635339678,39.65017190725055,0.9924187593904897,0.49497902229736557,0.3135259717314379,0.8863842040300369
1.4774888661562053,0.6785052798220949,22.90545369278874,0.9694334806342306,0.9534196234357203,0.4791721187060188,0.8862322196364403
0.8399105554982499,0.6019990029320867,16.621504175704327,1.1005175112193544,0.12265295357395596,0.025493116058836536,0.886202022433281
1.4311505189836757,0.5388823559775584,16.81645078242913,1.496189644088988,0.9454873779712133,0.41555655454331825,0.8858942836523056
1.5997079493756206,0.7352148759673381,16.87744579094108,1.2675150194799623,0.8117840752138942,0.18452486786473246,0.8856525048613548
1.483927311488439,0.3276411298076872,10.376768734367738,1.0362861517911854,0.47967414563551714,0.26950255632187725,0.8851456344127655
1.1384096816214488,0.6252815678438848,39.43783534617205,1.4134175585001536,0.8130716900975831,0.329948145226995,0.8851060718297958
0.9810589192368322,0.33573696890683885,29.039615726726375,0.863913280702908,0.47089798381664416,0.4350657915849026,0.8848757147789001
0.9417904967483504,0.5463499139394239,32.74796086078786,1.5012982446127028,0.9231273571413368,0.32198101264125417,0.884864367544651
0.9200130650312037,0.4177209470929007,28.51096613893975,1.3687155490234595,0.13409354361881007,0.46290511800257417,0.8848575949668884
1.4915217421512912,0.30151622614239465,21.292423636395345,1.359400642997632,0.964231849862008,0.08727374246273584,0.8846867084503174
1.5109403733290894,0.6756884072250774,11.791036263147504,1.4279451007299682,0.9084440757756318,0.10437962217225154,0.8843099400401115
1.4751064332956003,0.5782105364994987,35.309839106977364,1.4487146231079064,0.8719498101500891,0.01761647163878378,0.8842580318450928
1.4294903291852175,0.3737063314235222,12.269210804243555,1.049035182074185,0.16493022694385923,0.3949103118628603,0.8841356039047241
0.9052800887462465,0.6848481348681652,12.428236355152757,0.9068568890474727,0.1548755193808124,0.4550453842477004,0.8837597370147705
1.1500925150389372,0.3421368897841106,11.86127842473509,0.9169048277842229,0.930824921687781,0.0641945592970766,0.8835445791482925
1.1786262079110021,0.3390323772438557,15.410942533496693,1.4210920840119927,0.14811856489777714,0.009319553198596831,0.8834755122661591
0.8993545788778026,0.362282551574088,14.718339143969448,1.5764860707706532,0.46586190214804357,0.40421400413522257,0.8834670335054398
1.3166214605687276,0.5529585735631339,14.930592513986532,0.8198889797285962,0.8585698594175364,0.040626422638205886,0.8833176344633102
1.1740755078128144,0.3300347267383808,34.48628581373768,1.5065014027450905,0.16756563953246073,0.06987607497381147,0.8832825869321823
1.2621810819866095,0.3559312460669389,12.98401428485763,1.5972990684977741,0.6291666941117947,0.062335726127955765,0.8830106407403946
1.030154361925386,0.7588729599629639,26.169819486300423,0.8627510169799415,0.9425460680922471,0.026553071770476583,0.8825188055634499
1.1694816002742234,0.6020701524652985,14.949356881610075,1.4825467949365994,0.9322826231658442,0.36385320522303494,0.8821174800395966
1.52826886800767,0.7126651092599269,31.511890937304322,1.5941153625952602,0.1423455585531903,0.3741147746250709,0.8820960968732834
0.8869900035881422,0.3277576258364168,18.10960770023464,1.506588113139493,0.6469105829406916,0.4081810606258388,0.8816473111510277
0.838343363236976,0.3404401786120911,19.029040941893392,1.3334071889080683,0.40228962623924935,0.42429335624011355,0.8814082518219948
0.982475806644612,0.42677960624593947,11.76966259084352,1.5667140514546751,0.4708534645118021,0.08153698394956198,0.8813990205526352
1.3734536075121615,0.5865552819067661,11.1221273197128,1.0068000358538114,0.8010151018857052,0.46526608931656044,0.8813847601413727
1.1441098725667493,0.6016478988405338,10.054725154642185,1.2173372575116008,0.6868032233346559,0.4660971796135938,0.881267175078392
0.9426269214583336,0.389400632454672,35.50025168761012,1.5947543751547515,0.6016994930141415,0.05197911425138916,0.8805341571569443
0.8111299434398674,0.4387204295446262,13.567425128091747,1.458203941605382,0.24172274205166627,0.49243443409514903,0.8803977966308594
1.4887758675663978,0.3433312437577196,34.72160978884679,1.4036729940986612,0.6286614944709771,0.025809838128806432,0.8803479596972466
1.5565828967196564,0.5927679429527537,36.41039655950635,1.0659752757477259,0.7880197884305608,0.06536853069533839,0.8802809566259384
0.8085934480811386,0.7575038491908216,11.597029695146684,1.1929401094078973,0.24871093361599608,0.2611462075322942,0.8802090361714363
0.801253570168182,0.5464802953122053,17.456959926698786,1.2329134815788558,0.8931978403442111,0.06622772663410478,0.8801466003060341
1.0248272854673945,0.39824462798007954,17.766013922856203,0.8200720883854896,0.6393966118192546,0.4892975769290093,0.8796879798173904
1.014545742146659,0.6692540655204855,33.309779007717324,1.5224245174143738,0.7066366612942488,0.006138633549301772,0.8795976713299751
1.1544278993326678,0.33816009569779937,28.74178121038866,1.4304040955352737,0.8894723345250153,0.3583673101051939,0.8795793130993843
1.3575013831733473,0.42308546568798977,38.80437388150039,1.3244674421112705,0.9883330644332001,0.3264065499037271,0.8794582635164261
1.556290499130772,0.32504621811584716,12.44316965446167,1.3716695253473588,0.324885969519544,0.3376303390713764,0.8794522285461426
1.0533941862780927,0.3645558616480973,33.666219335170396,0.8310323942380061,0.848245829594449,0.014390339983360558,0.8793326020240784
1.329819921572971,0.7838562700383607,17.73893563929516,1.0819694885540823,0.6902677086987229,0.012501199470013978,0.8790027648210526
1.1119188457211084,0.5515148137291246,39.62765062462847,1.3163115649040136,0.8719272606426464,0.3365664497653106,0.8788825944066048
1.3784261492923564,0.41678002065603664,37.07216200484186,1.0636311006560477,0.9864355821620995,0.3174188550525025,0.8787922337651253
1.0915732422697353,0.7727892060559762,25.01886410125215,1.088576088558228,0.9452707686335912,0.009772802687930909,0.8781405389308929
1.2881761261374591,0.3522538724743118,14.771752827687724,1.3660703672853858,0.8378963734844785,0.4342268973797955,0.877828374505043
0.9113114319910944,0.4518264890876008,10.305850331254824,0.8580845145999023,0.6418627297119152,0.29463690234441936,0.8777767717838287
1.5372842485530507,0.4229663760652553,36.29720652710523,1.3889852252943786,0.5572216126278032,0.03971483441454512,0.8776917532086372
0.8091615612638641,0.3510624763214886,24.29964386209461,1.0875881736230046,0.4011063036337529,0.11100361281519866,0.8776631355285645
1.4474320072206683,0.7026327318810786,39.62158740362,1.489334487066933,0.29930416307197455,0.061089274071460656,0.8772164583206177
1.52295368493645,0.3153612501208817,19.033229281360573,1.194408956339726,0.8710811562518245,0.010154412510018395,0.877063661813736
0.836528616620826,0.3216230183540382,26.26826982993406,1.1969987966508393,0.7347167459927914,0.09188752745951848,0.8770294785499573
1.3143926661880148,0.7208686492922435,33.96930635995981,0.8512355153557606,0.9134626559102209,0.47424867405273874,0.8769571483135223
0.8942169185603387,0.7816904746423157,29.824266469477156,1.518236055286432,0.2553936830073896,0.45589860748876243,0.8768559843301773
0.9690369893294712,0.4067160279745777,34.86796085459048,1.1030321946546113,0.9919486718328758,0.2582513825779871,0.8768138960003853
0.8702024018957172,0.7444504170398522,17.14760170726133,1.452437655319494,0.7045663519118698,0.10369275883952322,0.8765852302312851
0.8953476928088308,0.3592119193921396,38.26456501801712,1.321960419262441,0.8944792724597349,0.12425660478397396,0.8764897584915161
1.4107590222104247,0.5893585316295313,24.903302908581125,1.4207846569416867,0.9746736255756507,0.43431714380865516,0.8762414008378983
1.0689317886275467,0.36269675339932483,17.502195785045235,1.5900007901008735,0.6102902945270645,0.39412363602706874,0.8761158958077431
1.1852115703266404,0.48481972795818873,13.279663875894007,0.921680509996468,0.13854549071019318,0.03141244275159653,0.8761022388935089
1.0677216143122445,0.38026273387153575,31.883458704541656,0.9665089185312382,0.9872989064711122,0.10702124441057517,0.8760456442832947
0.805502761036815,0.3510492054288262,16.378261602518947,0.8649942362584896,0.26960158602554496,0.28388052553323806,0.8760427758097649
0.9681954976974286,0.7578706884325018,36.75364150888614,1.1396438528292614,0.5603022737927741,0.49028682163917253,0.8760038316249847
1.5866987561506631,0.3085407205874054,23.855165535096575,1.219281530836163,0.20048736481516627,0.14845110606245637,0.8756411373615265
1.5617600002071492,0.7923422449546691,22.105548847708732,0.8477622183641245,0.7355154468693246,0.3248073666620828,0.8751093223690987
1.4627445225266753,0.3269468071152841,15.205502769166067,1.3930848843248471,0.9088859473711344,0.33689018928118847,0.875104084610939
1.2358537539203267,0.7868066358302815,23.970582889494274,0.8694530333438544,0.9445643873797778,0.1152222142483729,0.8750453069806099
1.5502428535530934,0.497296267339441,17.61857731159849,1.0313342196320108,0.4765787544853427,0.0034392606742957342,0.8744280561804771
0.8366561905076544,0.6995893627177384,37.61681436792253,1.1740629587891573,0.662466220073106,0.4275307335034571,0.8744157776236534
1.4129247592150036,0.5038880659775447,12.904455144727214,0.8375921212252113,0.5500878811162789,0.42810933750345337,0.8739102184772491
1.5243650749943949,0.3417228884361352,39.441392428416606,1.3703674736352052,0.4754533509437566,0.19303604335212496,0.8734378665685654
1.0453195175460361,0.5177717454184108,14.015464252120925,1.2208022250902293,0.9775346587172227,0.4195215858251053,0.8733619898557663
1.3198451471024,0.6952990753889186,27.246526515769506,1.2612184646287534,0.8955175009870799,0.49833018250590705,0.8732820078730583
1.1172215015656788,0.3387615869053023,11.766927458584748,1.4181065086354239,0.5738172870968838,0.38412763005022915,0.8731794133782387
0.9349378168141947,0.5418774207062547,38.68578812411339,1.521324524101508,0.5654822678018756,0.3913318475947077,0.8731513768434525
1.5945780292976748,0.36427558849403974,23.49330322022514,1.3950347918770678,0.9705446284333689,0.4106927650157352,0.8730306327342987
0.8966624512545809,0.45654500524428077,28.84419785748735,0.8879942043404989,0.9847082330388608,0.24678124156965586,0.8728708624839783
1.4667816242134717,0.3136206563038643,38.051145237857924,1.0460405866702052,0.2319515317619437,0.19617729829675914,0.8720817565917969
1.1273284857388624,0.44168684547742854,26.6925748041668,1.4911070163145161,0.562380827615145,0.48574914987945333,0.8720545023679733
1.5209013737595205,0.7875010858564686,23.348083749320665,1.4948096889966895,0.4015335628562774,0.43640133137538833,0.8717215210199356
0.8987025622653102,0.6127485439940232,33.61902631480659,0.8754976712967877,0.314749498143759,0.4738734759181539,0.8716537058353424
1.1090006465235023,0.6834522555236954,21.26773671812647,0.9144606022867059,0.13131509863975818,0.06493621223273054,0.8713884204626083
0.9741834836908895,0.7252341916259196,37.95851805568009,1.3273949311020303,0.8781405141012935,0.09799982260189233,0.8711911737918854
1.3045824198995675,0.4308275486503074,11.74211006962258,1.0919850955034827,0.1320913955759998,0.3394286024631018,0.8710828721523285
1.5098056701126097,0.4957757927520897,16.07879807071041,1.5974754267188391,0.9708579985556577,0.2905213327431837,0.8710320889949799
0.8908339253663491,0.33680701622181763,16.70214471047541,1.550004976738513,0.8050480637138003,0.022179943169084275,0.8708613514900208
1.2449363121316035,0.4140799611574979,10.286078065278627,0.8199595469005774,0.921513150332273,0.11294794162584224,0.8708280697464943
0.8100805278505571,0.36062558552146534,26.274696415739577,1.1361581525489306,0.7766201057230083,0.09394923424565851,0.8706220537424088
1.5708098529384995,0.34953150598017174,14.397785012818051,1.2954791728358255,0.7412777663017169,0.48583407250708194,0.8706179857254028
1.2547383000136991,0.5565023939790323,22.550778858002687,1.5830639837573672,0.8664916718093,0.3793438697802875,0.8704675883054733
1.361295417281244,0.6660282266682775,11.038973698499609,1.4449296726966478,0.9065139796210422,0.20072955571098183,0.870324369519949
1.3877125252389524,0.7930772263589727,31.56906082904015,1.3227123463972223,0.7195188838155416,0.402768268678329,0.870190754532814
1.5578142051843233,0.7271569478062523,22.86899184187012,1.2047094626691102,0.7883877272564256,0.48297101163172856,0.8701822608709335
0.8996207108667265,0.7947397004439094,25.777156278384346,1.0010024647584572,0.28409351041505426,0.027548345324955488,0.8701725751161575
1.5987076081086493,0.6785885557513911,15.482448276883577,1.1011199547954904,0.701853935978779,0.05660194991934545,0.870153434574604
1.3666227136577604,0.47247221332010325,10.654264801291037,1.1414123865573942,0.1601330579064087,0.4780464281806223,0.8700992912054062
1.5138991092495584,0.47194296956518234,10.396068310710943,1.0146181424587306,0.1360406173541218,0.21146127025066688,0.8700003027915955
0.9614532353627183,0.3565495906441959,26.89664651648788,0.8721474210380578,0.77298689670423,0.43192772630822773,0.869977131485939
1.183116983729586,0.35825947379369805,38.35326622081227,1.4875087149558535,0.8801322312268492,0.2937112815057452,0.8698728382587433
1.2755462296483795,0.5864439504102744,37.67387625454238,1.5885934408845812,0.10090359920990742,0.09922493298987047,0.8697564005851746
1.5861567350256804,0.5018990346843053,26.789336288075884,1.537373928599962,0.803509188404085,0.442290883306722,0.8694946318864822
1.4870912916584311,0.30307477013138795,14.727624195016917,1.3652951113365028,0.8678706444886847,0.11564007317147386,0.8694045692682266
1.111741424947562,0.7484523565374834,30.76419862810637,1.2015805486236024,0.9270253816260892,0.0012740221944677215,0.8693978860974312
0.9028509123934536,0.43623892178605994,27.742839686369816,1.5963215691458488,0.8842804350531919,0.2187955675185962,0.8692581206560135
0.848692287176043,0.49384753042024543,26.546325442413476,1.4177614155606155,0.8156023933808939,0.006941209123221026,0.8692163527011871
1.4018911298340133,0.7360457986620257,28.076397371280333,1.1813521259368347,0.9916759192227239,0.09664375914338379,0.8690285161137581
0.8474620004300939,0.6389277708308758,30.606602650396987,1.3536243868428948,0.8860479207830408,0.188754682083539,0.8686095327138901
1.5515028030805742,0.5965496038403193,27.08290655914565,1.5865913012657413,0.45270150812961385,0.4636263100051878,0.8685230165719986
0.9718037230984482,0.41656923610284396,32.04769339158298,1.3207042450959383,0.2202164893414717,0.4985144257819957,0.8684239238500595
0.8176816839794203,0.3904031631881308,32.46999133393136,0.8166378578599576,0.6353523209040806,0.17884032401467978,0.8683448880910873
0.985958984395452,0.7759600434902078,15.792884357217726,1.5890517839931868,0.39818663297075485,0.05119462581806818,0.8682925254106522
0.9520968561855364,0.3644045529942714,37.768679915640504,1.1758779040221232,0.6332060562281026,0.47677799969463147,0.8679419010877609
1.3818548279982086,0.6574791360833486,11.732998600552836,1.1388480808487271,0.7603759268945274,0.028244164813276525,0.8678321167826653
0.9047475439823984,0.4947077888078364,23.29479357813855,0.9818623632648666,0.12318827447300042,0.011071048539785558,0.8677259087562561
1.1365674825288448,0.646353750249416,32.19429222277445,1.3979732606796762,0.8265929670337143,0.4292367484625356,0.8676109127700329
1.467942282620745,0.7186762991502584,37.62388748796646,0.8752547413241414,0.5949488805670449,0.3297547115155919,0.867493137717247
1.445181470776246,0.30390717020609104,35.848312190117795,1.4256624162323894,0.727275444844244,0.3895038323802105,0.8674558028578758
0.8293145991642557,0.4766202999601813,27.401983630078078,0.9507022750118628,0.17385039188585044,0.4905856764488721,0.8673734664916992
1.2681352202743241,0.44770477822065846,25.628983117189968,1.5729042031924185,0.7929399612501675,0.4857824900413905,0.867199718952179
0.8443511970197036,0.7825567131676339,27.646022146959666,1.0264212007359768,0.830040821565159,0.187233236343136,0.8670226037502289
1.5987937586862637,0.7447690375775358,28.669148800662185,0.9796030997878523,0.5073160801513139,0.14314276599392436,0.866979219019413
0.9295743370000976,0.653160247128713,35.183655597490166,1.1901909704095863,0.9100011799100339,0.42011228747241947,0.8668374195694923
0.940188657549108,0.7429007853753496,38.63698289820179,0.8838000206186222,0.5967707059425487,0.35136306093834985,0.8660989701747894
0.8532162720607872,0.41823038900674014,38.45048630656285,1.3256481323644187,0.7801492785331268,0.3953012514483072,0.8656503558158875
1.0785694035334,0.32246647211182283,32.72995145778168,1.5868421470188572,0.6798223752336016,0.05623759438814316,0.8655238300561905
1.1143117129137066,0.3218584882876753,14.266026215353019,0.954525686514034,0.9021024267404005,0.19202159500950938,0.8655112311244011
1.5234796787276257,0.6167786499259943,35.11448103501239,1.5886701898403017,0.5194493062666599,0.0941239458398076,0.8654712438583374
1.026612424706552,0.3648810603163744,10.330208632890596,1.5314576561500657,0.7250887249224756,0.11657555581685494,0.8654397279024124
0.8914492640191769,0.464472478475134,11.280043247296318,1.5558307213922815,0.686405679408393,0.24829247740318475,0.8650276437401772
1.473343435465459,0.3195166969318762,11.542893228936116,1.2300553206468468,0.38883083708660837,0.46963735822087394,0.8648969978094101
1.27988099676092,0.42037613848140865,17.742193590120344,1.0402107078941887,0.9913726498365347,0.23599212170974365,0.8648218363523483
1.5858854472106043,0.6057945206862178,21.98885690571803,0.8876585282451763,0.953578362431097,0.30813308233619985,0.8647901117801666
1.3089841771449826,0.6315387810515851,13.043204852742257,1.072137697954204,0.9969840622418851,0.2650232689325804,0.8647265359759331
1.2412113446796238,0.6277920055495377,37.775254908250915,1.592541236860944,0.7561562888260437,0.34989254352318633,0.8646430969238281
0.8498383475976781,0.6316962397362474,23.263092502480198,0.9338620363923356,0.9227959371716151,0.04031720204528028,0.8644715547561646
0.8230461278574327,0.4699451164056479,30.767481325366642,1.0648580200467013,0.9478072510896658,0.1770546223348036,0.8641403168439865
1.4948069354520508,0.49503176881765387,16.91714729690929,1.1854842293295835,0.9698414185708185,0.4461906244280183,0.8641301840543747
1.3610752147313563,0.627355219551682,12.184326990775068,1.345534513843158,0.9941835881339038,0.17394243197640916,0.8639545813202858
1.496444079208644,0.3265062144314241,16.186795282580025,1.0238852010146777,0.1759993259069033,0.2922786221935975,0.8638858199119568
1.4935780694883214,0.6311509396271333,28.756327968318864,1.0326711421509234,0.9521790933548531,0.010254730022179649,0.8637036085128784
1.4145430192883781,0.7791752980619417,11.645027714630574,1.2028570872456816,0.8963573182904547,0.23701496478821502,0.8632959946990013
0.9607195162515321,0.5988546989203719,35.4409468944293,1.1264271019721996,0.8529594242433365,0.4891732080781377,0.8630625680088997
1.0574502423394545,0.6552858251412683,34.00414181742918,1.5237285776977338,0.9631780727596845,0.10806170602959628,0.8630529046058655
1.0092717594791427,0.6288575240353051,38.414868211416426,1.4840429768506387,0.30517418933420837,0.4801103559671912,0.8630144000053406
1.013670811492505,0.3023109014479383,22.64804154877705,1.4441348310853863,0.32767392604254597,0.41128531953307884,0.8628419041633606
1.2507662459372488,0.5577681156762146,10.734759435232624,1.501576512962545,0.1538937107073016,0.2495107966732389,0.8628117069602013
0.8929209967973859,0.5925477708248621,35.62604309792003,1.3088503028731076,0.9380612010656388,0.1804568735723204,0.862648643553257
1.3193569659209319,0.7762257512494369,31.003313954845417,1.3464684359237866,0.9395396188838727,0.3271672317058737,0.8624999597668648
0.8031853842639691,0.5084142990815667,23.883519317789748,1.1961267482873321,0.5135864411279769,0.4442756421288337,0.8624934107065201
1.1317141519339977,0.39923659510417653,35.6089749067339,1.3941004822311043,0.48347686732974726,0.49364711703618314,0.8617390766739845
1.1847363507706803,0.6400267217781705,38.47336937615718,1.4083015281056224,0.624497886264001,0.46048543818502796,0.8616392761468887
0.8145686522144278,0.5077062982032495,24.33068764213125,1.4537859252445628,0.6412290017325645,0.30213534519777807,0.8614302277565002
1.2852296635334055,0.370722087672815,37.32629801627375,1.3962248186518271,0.22203289279967903,0.4595495095317616,0.8612706512212753
0.9179353201644187,0.7012215825381831,39.81687029187031,1.0369466033489574,0.569647547391982,0.03240568026995766,0.8612536489963531
1.46055777929895,0.7412383585154103,27.670254232718914,1.3736980731934736,0.8960533521950165,0.08957313199519722,0.8608995676040649
1.2861668527670782,0.6674588516132572,32.9549986319125,1.512529030953175,0.7259042478384955,0.4867487945620428,0.8608430102467537
0.8886189494816967,0.48374051317933775,34.60851397442177,0.8728511086362393,0.9424431867014017,0.23317369675216892,0.8605496883392334
1.523668071391316,0.4233504314726978,17.12894090445753,1.494736815615266,0.23817851774081528,0.4956767365300978,0.8603306263685226
1.4738332169255952,0.464181145262447,14.590260426367298,1.4857941369977592,0.10716551519176881,0.3686445305466465,0.8600708693265915
1.0037366552320177,0.7600166675927204,35.33692404739111,1.492388949995526,0.45848227671835007,0.4426126336010484,0.8599638193845749
0.9021174998299147,0.49781621934383613,38.15306860319234,1.5253480860469444,0.13792005841373445,0.2199422229966262,0.8598694056272507
0.8918339608011386,0.35733744280797003,23.994894396424293,1.5930418333866443,0.5810246118648131,0.11816312660502686,0.8596050143241882
1.1220621969214797,0.7946168807893913,37.282098271300015,0.9812135741733377,0.35381059411367366,0.07692893633846251,0.8595798015594482
1.2261311791925826,0.544207486818499,10.858343680043948,1.2282444309947222,0.7494127674299667,0.4556092968797495,0.8595575839281082
0.9505699667615286,0.6729763219762881,13.43906677184805,1.5559450514017377,0.6637675442796527,0.4032164737256722,0.8595505952835083
0.8116519993147517,0.4501277925785766,16.84476271759443,0.9615230862414735,0.8464462861355501,0.03892937176402955,0.8595162630081177
0.8083323379153267,0.7157366662348452,37.31265718902043,1.1930411901579419,0.5271201813491296,0.21647533064958543,0.8592367470264435
1.3277209163188322,0.7842977161118658,14.555009206381357,0.8132435189249034,0.8379470524970456,0.23259430916333032,0.8588346540927887
1.564995475619569,0.4922696906443958,12.057619701323231,0.9972856102288075,0.3090398655044451,0.013095178422208972,0.8588181138038635
1.3617310821662838,0.31802004390559,36.946738545634275,1.2638242035289171,0.14013051713813407,0.3298046811020489,0.858813613653183
1.4343344003376912,0.5300544038152758,21.029135124202583,1.3406625335502171,0.9880698390474066,0.4365671125724163,0.8586730435490608
1.4254343906546882,0.37291852128628195,10.404066787626688,1.5269821234799463,0.23901506791298618,0.01702560344893763,0.8586563766002655
0.8104028805028068,0.6474167993558801,15.64467034048727,1.2507254338005542,0.6152597117611205,0.19332563238970837,0.8586129695177078
1.1950110011163964,0.6772813720620551,18.326835270287013,0.8084220405507841,0.23747390919072092,0.08178905617523878,0.8583932444453239
1.200999600780576,0.37785616358380214,10.658794958962837,1.2466569111501522,0.8070693864979823,0.32269706085712757,0.8580279052257538
0.9142840932243663,0.5658473026492887,34.401468486076325,1.4164238521291468,0.9406547397207752,0.24111603996296993,0.8579721227288246
1.1188031232241458,0.7862719154937561,12.009056766225045,0.947191379904271,0.6201413085475714,0.10746701829715169,0.8579292446374893
1.2201363371905303,0.3507198077027788,10.479660644848655,1.1724932633894714,0.30037274747376597,0.3688941126394388,0.8577058017253876
0.8331582509494858,0.5357641292564284,10.048200820632314,1.0173921332573164,0.7669847394174406,0.13726277381956611,0.8576850593090057
1.585558409501355,0.7346130259932495,16.64517427879096,1.4126291282740426,0.14150821000243125,0.34830043369725167,0.8575205579400063
1.0045098489157436,0.3104878238161791,31.752342959625548,0.9980460407020185,0.17504805057598705,0.24280528924213632,0.8572948575019836
1.1371786086506197,0.5201620550935635,10.010708244635325,1.5426968652347768,0.7811879953786965,0.2285645869640241,0.8568837940692902
1.5872227587311816,0.32759178364385655,27.790631521112388,1.3104243061822907,0.9778983710854973,0.3370969599490202,0.8567741364240646
1.2724080558222586,0.6057006300928343,18.36791754571814,0.8762918775220229,0.9405953413814231,0.47306856572635025,0.8566803187131882
0.8528121495807476,0.3480209690360356,21.892930158118062,1.2743993796401218,0.4988247690453095,0.003825326602363663,0.856532871723175
1.5078204681086003,0.3599889351693552,29.472778600016643,1.2798660189761581,0.18211412582305325,0.46233921857711185,0.8562685996294022
1.0202915900549636,0.3338600486329877,36.37351146243434,1.4067403265897178,0.5617178393101907,0.42718294735589324,0.8561703562736511
1.3776869806475682,0.6635942448215428,13.791454673033565,1.3228340312489815,0.9942506599474585,0.16836371140554662,0.8560484573245049
1.3219145037626197,0.31820016623863945,30.891241614048013,1.0464568013335054,0.13166151730598796,0.4278076659786873,0.855753168463707
1.1585327508961665,0.3480887727500237,28.024462831688222,1.4665313985143165,0.6448218636764336,0.44711229821527243,0.8555943295359612
1.4233024648376107,0.704975351452411,38.6823504115781,0.8349972402517727,0.16744446064287644,0.21230932251207668,0.8554433435201645
1.1237964813722152,0.38410392832288265,39.869209502706326,1.4376392141155712,0.2673829497545417,0.0732527009915015,0.8553491830825806
0.82696484189007,0.4552426877520679,17.935785757851775,1.2728751644572212,0.40074900065376184,0.47715768396188085,0.8552894294261932
0.8430814300807814,0.4673570397464244,13.420258210436725,1.4470245700816926,0.9823675845863395,0.24814561718385525,0.8552342727780342
1.1672277379422697,0.4276044757745291,30.409329967760435,1.5455865383113538,0.8610296332641958,0.3545654991578847,0.8550383411347866
1.0099014256816996,0.5732882626346374,36.07683750178749,0.8290328235256601,0.6051637471207225,0.4832571729944332,0.854879841208458
0.8761288646673413,0.6663293975988658,33.167456221456405,0.8342551369368502,0.8385352668805999,0.2118797909678279,0.8548277616500854
1.5129347968919913,0.7892214027875684,26.71770061062142,0.9133340242756884,0.5183781116628561,0.030571863527331506,0.8547314926981926
0.9917196310127507,0.44120528223681416,34.860872341971486,0.8325921520491865,0.23375584069656152,0.09939387827239549,0.8547057509422302
1.0893337670915606,0.6472026181767605,11.612032395160039,0.8151853100503019,0.8626511769010979,0.15891891947239997,0.8546897917985916
1.5730650650181628,0.36839562128137837,10.940642621400272,1.251964352772522,0.8891984505649836,0.3075064235090875,0.8545525372028351
